SET SESSION sql_mode = "";
SET SESSION sql_mode = "";
SET SESSION sql_mode = "";
SET SESSION sql_mode = "";
SET SESSION sql_mode = "";
SET SESSION sql_mode = "";
SET SESSION sql_mode = "";
SET SESSION sql_mode = "";
SET SESSION sql_mode = "";
SET SESSION sql_mode = "";
SET SESSION sql_mode = "";
SET SESSION sql_mode = "";
SET SESSION sql_mode = "";
SET SESSION sql_mode = "";
SET SESSION sql_mode = "";
SET SESSION sql_mode = "";
SET SESSION sql_mode = "";
SET SESSION sql_mode = "";
SET SESSION sql_mode = "";
SET SESSION sql_mode = "";
SET SESSION sql_mode = "";
SET SESSION sql_mode = "";
SET SESSION sql_mode = "";
SET SESSION sql_mode = "";
SET SESSION sql_mode = "";
SET SESSION sql_mode = "";
SET SESSION sql_mode = "";
SET SESSION sql_mode = "";
SET SESSION sql_mode = "";
SET SESSION sql_mode = "";
SET SESSION sql_mode = "";
SET SESSION sql_mode = "";
SET SESSION sql_mode = "";
SET SESSION sql_mode = "";
SET SESSION sql_mode = "";
SET SESSION sql_mode = "";
SET SESSION sql_mode = "";
SET SESSION sql_mode = "";
SET SESSION sql_mode = "";
SET SESSION sql_mode = "";
SET SESSION sql_mode = "";
SET SESSION sql_mode = "";
SET SESSION sql_mode = "";
SET SESSION sql_mode = "";
SET SESSION sql_mode = "";
SET SESSION sql_mode = "";
SET SESSION sql_mode = "";
SET SESSION sql_mode = "";
SET SESSION sql_mode = "";
SET SESSION sql_mode = "";
SET SESSION sql_mode = "";
SET SESSION sql_mode = "";
SET SESSION sql_mode = "";
SET SESSION sql_mode = "";
SET SESSION sql_mode = "";
SET SESSION sql_mode = "";
SET SESSION sql_mode = "";
SET SESSION sql_mode = "";
SET SESSION sql_mode = "";
SET SESSION sql_mode = "";
SET SESSION sql_mode = "";
SET SESSION sql_mode = "";
SET SESSION sql_mode = "";
SET SESSION sql_mode = "";
SET SESSION sql_mode = "";
SET SESSION sql_mode = "";
SET SESSION sql_mode = "";
SET SESSION sql_mode = "";
SET SESSION sql_mode = "";
SET SESSION sql_mode = "";
SET SESSION sql_mode = "";
SET SESSION sql_mode = "";
SET SESSION sql_mode = "";
SET SESSION sql_mode = "";
SET SESSION sql_mode = "";
SET SESSION sql_mode = "";
SET SESSION sql_mode = "";
SET SESSION sql_mode = "";
SET SESSION sql_mode = "";
SET SESSION sql_mode = "";
SET SESSION sql_mode = "";
SET SESSION sql_mode = "";
SET SESSION sql_mode = "";
SET SESSION sql_mode = "";
SET SESSION sql_mode = "";
SET SESSION sql_mode = "";
SET SESSION sql_mode = "";
SET SESSION sql_mode = "";
SET SESSION sql_mode = "";
SET SESSION sql_mode = "";
SET SESSION sql_mode = "";
SET SESSION sql_mode = "";
SET SESSION sql_mode = "";
SET SESSION sql_mode = "";
SET SESSION sql_mode = "";
SET SESSION sql_mode = "";
SET SESSION sql_mode = "";
SET SESSION sql_mode = "";
SET SESSION sql_mode = "";
SET SESSION sql_mode = "";
SET SESSION sql_mode = "";
SET SESSION sql_mode = "";
SET SESSION sql_mode = "";
SET SESSION sql_mode = "";
SET SESSION sql_mode = "";
SET SESSION sql_mode = "";
SET SESSION sql_mode = "";
SET SESSION sql_mode = "";
SET SESSION sql_mode = "";
SET SESSION sql_mode = "";
SET SESSION sql_mode = "";
SET SESSION sql_mode = "";
SET SESSION sql_mode = "";
SET SESSION sql_mode = "";
SET SESSION sql_mode = "";
SET SESSION sql_mode = "";
SET SESSION sql_mode = "";
SET SESSION sql_mode = "";
SET SESSION sql_mode = "";
SET SESSION sql_mode = "";
SET SESSION sql_mode = "";
SET SESSION sql_mode = "";
SET SESSION sql_mode = "";
SET SESSION sql_mode = "";
SET SESSION sql_mode = "";
SET SESSION sql_mode = "";
SET SESSION sql_mode = "";
SET SESSION sql_mode = "";
SET SESSION sql_mode = "";
SET SESSION sql_mode = "";
SET SESSION sql_mode = "";
SET SESSION sql_mode = "";
SET SESSION sql_mode = "";
SET SESSION sql_mode = "";
SET SESSION sql_mode = "";
SET SESSION sql_mode = "";
SET SESSION sql_mode = "";
SET SESSION sql_mode = "";
SET SESSION sql_mode = "";
SET SESSION sql_mode = "";
SET SESSION sql_mode = "";
SET SESSION sql_mode = "";
SET SESSION sql_mode = "";
SET SESSION sql_mode = "";
SET SESSION sql_mode = "";
SET SESSION sql_mode = "";
SET SESSION sql_mode = "";
SET SESSION sql_mode = "";
SET SESSION sql_mode = "";
SET SESSION sql_mode = "";
select * from sec_role;
SET SESSION sql_mode = "";
SET SESSION sql_mode = "";
SET SESSION sql_mode = "";
SET SESSION sql_mode = "";
SET SESSION sql_mode = "";
SET SESSION sql_mode = "";
SET SESSION sql_mode = "";
SET SESSION sql_mode = "";
SET SESSION sql_mode = "";
SET SESSION sql_mode = "";
SET SESSION sql_mode = "";
SET SESSION sql_mode = "";
SET SESSION sql_mode = "";
SET SESSION sql_mode = "";
SET SESSION sql_mode = "";
SET SESSION sql_mode = "";
SET SESSION sql_mode = "";
SET SESSION sql_mode = "";
SET SESSION sql_mode = "";
SET SESSION sql_mode = "";
SET SESSION sql_mode = "";
SET SESSION sql_mode = "";
SET SESSION sql_mode = "";
SET SESSION sql_mode = "";
SET SESSION sql_mode = "";
SET SESSION sql_mode = "";
SET SESSION sql_mode = "";
SET SESSION sql_mode = "";
SET SESSION sql_mode = "";
SET SESSION sql_mode = "";
SET SESSION sql_mode = "";
SET SESSION sql_mode = "";
SET SESSION sql_mode = "";
SET SESSION sql_mode = "";
SET SESSION sql_mode = "";
SET SESSION sql_mode = "";
SET SESSION sql_mode = "";
SET SESSION sql_mode = "";
SET SESSION sql_mode = "";
SET SESSION sql_mode = "";
SET SESSION sql_mode = "";
SET SESSION sql_mode = "";
SET SESSION sql_mode = "";
SET SESSION sql_mode = "";
SET SESSION sql_mode = "";
SET SESSION sql_mode = "";
SET SESSION sql_mode = "";
SET SESSION sql_mode = "";
SET SESSION sql_mode = "";
SET SESSION sql_mode = "";
SET SESSION sql_mode = "";
SET SESSION sql_mode = "";
SET SESSION sql_mode = "";
SET SESSION sql_mode = "";
SET SESSION sql_mode = "";
SET SESSION sql_mode = "";
SET SESSION sql_mode = "";
SET SESSION sql_mode = "";
SET SESSION sql_mode = "";
SET SESSION sql_mode = "";
SET SESSION sql_mode = "";
SET SESSION sql_mode = "";
SET SESSION sql_mode = "";
SET SESSION sql_mode = "";
SET SESSION sql_mode = "";
SET SESSION sql_mode = "";
SET SESSION sql_mode = "";
SET SESSION sql_mode = "";
SET SESSION sql_mode = "";
SET SESSION sql_mode = "";
SET SESSION sql_mode = "";
SET SESSION sql_mode = "";
INSERT INTO `product_category` (`category_id`, `category_name`, `status`) VALUES (NULL, 'Generic Product', '1');
SET SESSION sql_mode = "";
SET SESSION sql_mode = "";
SET SESSION sql_mode = "";
INSERT INTO `product_category` (`category_id`, `category_name`, `status`) VALUES (NULL, 'Special Product', '1');
SET SESSION sql_mode = "";
SET SESSION sql_mode = "";
SET SESSION sql_mode = "";
SET SESSION sql_mode = "";
SET SESSION sql_mode = "";
INSERT INTO `product_category` (`category_id`, `category_name`, `status`) VALUES (NULL, 'Gift Product', '1');
SET SESSION sql_mode = "";
SET SESSION sql_mode = "";
SET SESSION sql_mode = "";
SET SESSION sql_mode = "";
SET SESSION sql_mode = "";
SET SESSION sql_mode = "";
SET SESSION sql_mode = "";
SET SESSION sql_mode = "";
SET SESSION sql_mode = "";
SET SESSION sql_mode = "";
SET SESSION sql_mode = "";
SET SESSION sql_mode = "";
INSERT INTO `supplier_information` (`supplier_id`, `supplier_name`, `mobile`, `emailnumber`, `email_address`, `contact`, `phone`, `fax`, `city`, `state`, `zip`, `country`, `address`, `address2`, `status`) VALUES ('', 'Garuda Gold', '', '', '', '', '', '', '', '', '', '', '', '', 1);
INSERT INTO `acc_coa` (`HeadCode`, `HeadName`, `PHeadName`, `HeadLevel`, `IsActive`, `IsTransaction`, `IsGL`, `HeadType`, `IsBudget`, `supplier_id`, `IsDepreciation`, `DepreciationRate`, `CreateBy`, `CreateDate`) VALUES ('21110000001', '1-Garuda Gold', 'Suppliers', '4', '1', '1', '0', 'L', '0', 1, '0', '0', '1', '2022-11-07 21:13:46');
SET SESSION sql_mode = "";
SET SESSION sql_mode = "";
SET SESSION sql_mode = "";
SET SESSION sql_mode = "";
SET SESSION sql_mode = "";
INSERT INTO `product_information` (`product_id`, `product_name`, `category_id`, `unit`, `tax`, `serial_no`, `price`, `product_model`, `product_details`, `product_vat`, `image`, `status`) VALUES ('GRDZXC020120200001AAA1', 'Garuda Gold 0.001', '1', 'PCS', 0, 'GRDZXC020120200001AAA1', '10000', 'Gramasi 0.001', '', '', 'my-assets/image/product.png', 1);
INSERT INTO `supplier_product` (`product_id`, `supplier_id`, `supplier_price`, `products_model`) VALUES ('GRDZXC020120200001AAA1', '1', '5000', 'Gramasi 0.001');
SET SESSION sql_mode = "";
SET SESSION sql_mode = "";
SET SESSION sql_mode = "";
SET SESSION sql_mode = "";
SET SESSION sql_mode = "";
SET SESSION sql_mode = "";
SET SESSION sql_mode = "";
SET SESSION sql_mode = "";
SET SESSION sql_mode = "";
SET SESSION sql_mode = "";
SET SESSION sql_mode = "";
SET SESSION sql_mode = "";
SET SESSION sql_mode = "";
SET SESSION sql_mode = "";
SET SESSION sql_mode = "";
SET SESSION sql_mode = "";
SET SESSION sql_mode = "";
SET SESSION sql_mode = "";
SET SESSION sql_mode = "";
SET SESSION sql_mode = "";
SET SESSION sql_mode = "";
SET SESSION sql_mode = "";
SET SESSION sql_mode = "";
SET SESSION sql_mode = "";
SET SESSION sql_mode = "";
SET SESSION sql_mode = "";
SET SESSION sql_mode = "";
SET SESSION sql_mode = "";
SET SESSION sql_mode = "";
SET SESSION sql_mode = "";
SET SESSION sql_mode = "";
SET SESSION sql_mode = "";
SET SESSION sql_mode = "";
SET SESSION sql_mode = "";
SET SESSION sql_mode = "";
SET SESSION sql_mode = "";
SET SESSION sql_mode = "";
SET SESSION sql_mode = "";
SET SESSION sql_mode = "";
SET SESSION sql_mode = "";
SET SESSION sql_mode = "";
SET SESSION sql_mode = "";
SET SESSION sql_mode = "";
SET SESSION sql_mode = "";
SET SESSION sql_mode = "";
SET SESSION sql_mode = "";
SET SESSION sql_mode = "";
SET SESSION sql_mode = "";
SET SESSION sql_mode = "";
SET SESSION sql_mode = "";
SET SESSION sql_mode = "";
SET SESSION sql_mode = "";
SET SESSION sql_mode = "";
SET SESSION sql_mode = "";
SET SESSION sql_mode = "";
SET SESSION sql_mode = "";
SET SESSION sql_mode = "";
SET SESSION sql_mode = "";
SET SESSION sql_mode = "";
SET SESSION sql_mode = "";
SET SESSION sql_mode = "";
SET SESSION sql_mode = "";
SET SESSION sql_mode = "";
SET SESSION sql_mode = "";
SET SESSION sql_mode = "";
SET SESSION sql_mode = "";
SET SESSION sql_mode = "";
SET SESSION sql_mode = "";
SET SESSION sql_mode = "";
SET SESSION sql_mode = "";
SET SESSION sql_mode = "";
SET SESSION sql_mode = "";
SET SESSION sql_mode = "";
SET SESSION sql_mode = "";
SET SESSION sql_mode = "";
SET SESSION sql_mode = "";
SET SESSION sql_mode = "";
SET SESSION sql_mode = "";
SET SESSION sql_mode = "";
SET SESSION sql_mode = "";
SET SESSION sql_mode = "";
SET SESSION sql_mode = "";
SET SESSION sql_mode = "";
SET SESSION sql_mode = "";
SET SESSION sql_mode = "";
SET SESSION sql_mode = "";
SET SESSION sql_mode = "";
SET SESSION sql_mode = "";
SET SESSION sql_mode = "";
SET SESSION sql_mode = "";
SET SESSION sql_mode = "";
SET SESSION sql_mode = "";
SET SESSION sql_mode = "";
SET SESSION sql_mode = "";
SET SESSION sql_mode = "";
SET SESSION sql_mode = "";
SET SESSION sql_mode = "";
SET SESSION sql_mode = "";
SET SESSION sql_mode = "";
SET SESSION sql_mode = "";
SET SESSION sql_mode = "";
SET SESSION sql_mode = "";
SET SESSION sql_mode = "";
SET SESSION sql_mode = "";
SET SESSION sql_mode = "";
SET SESSION sql_mode = "";
SET SESSION sql_mode = "";
SET SESSION sql_mode = "";
SET SESSION sql_mode = "";
SET SESSION sql_mode = "";
SET SESSION sql_mode = "";
SET SESSION sql_mode = "";
SET SESSION sql_mode = "";
SET SESSION sql_mode = "";
SET SESSION sql_mode = "";
SET SESSION sql_mode = "";
SET SESSION sql_mode = "";
SET SESSION sql_mode = "";
SET SESSION sql_mode = "";
SET SESSION sql_mode = "";
SET SESSION sql_mode = "";
SET SESSION sql_mode = "";
SET SESSION sql_mode = "";
SET SESSION sql_mode = "";
SET SESSION sql_mode = "";
SET SESSION sql_mode = "";
SET SESSION sql_mode = "";
SET SESSION sql_mode = "";
SET SESSION sql_mode = "";
SET SESSION sql_mode = "";
SET SESSION sql_mode = "";
SET SESSION sql_mode = "";
SET SESSION sql_mode = "";
SET SESSION sql_mode = "";
SET SESSION sql_mode = "";
SET SESSION sql_mode = "";
SET SESSION sql_mode = "";
SET SESSION sql_mode = "";
SET SESSION sql_mode = "";
SET SESSION sql_mode = "";
SET SESSION sql_mode = "";
SET SESSION sql_mode = "";
SET SESSION sql_mode = "";
SET SESSION sql_mode = "";
SET SESSION sql_mode = "";
SET SESSION sql_mode = "";
SET SESSION sql_mode = "";
SET SESSION sql_mode = "";
SET SESSION sql_mode = "";
SET SESSION sql_mode = "";
SET SESSION sql_mode = "";
SET SESSION sql_mode = "";
SET SESSION sql_mode = "";
SET SESSION sql_mode = "";
SET SESSION sql_mode = "";
SET SESSION sql_mode = "";
SET SESSION sql_mode = "";
SET SESSION sql_mode = "";
SET SESSION sql_mode = "";
SET SESSION sql_mode = "";
SET SESSION sql_mode = "";
SET SESSION sql_mode = "";
SET SESSION sql_mode = "";
SET SESSION sql_mode = "";
SET SESSION sql_mode = "";
SET SESSION sql_mode = "";
SET SESSION sql_mode = "";
SET SESSION sql_mode = "";
SET SESSION sql_mode = "";
SET SESSION sql_mode = "";
SET SESSION sql_mode = "";
SET SESSION sql_mode = "";
SET SESSION sql_mode = "";
SET SESSION sql_mode = "";
SET SESSION sql_mode = "";
SET SESSION sql_mode = "";
SET SESSION sql_mode = "";
SET SESSION sql_mode = "";
SET SESSION sql_mode = "";
SET SESSION sql_mode = "";
SET SESSION sql_mode = "";
SET SESSION sql_mode = "";
SET SESSION sql_mode = "";
SET SESSION sql_mode = "";
SET SESSION sql_mode = "";
SET SESSION sql_mode = "";
SET SESSION sql_mode = "";
SET SESSION sql_mode = "";
SET SESSION sql_mode = "";
SET SESSION sql_mode = "";
SET SESSION sql_mode = "";
SET SESSION sql_mode = "";
SET SESSION sql_mode = "";
SET SESSION sql_mode = "";
SET SESSION sql_mode = "";
SET SESSION sql_mode = "";
SET SESSION sql_mode = "";
SET SESSION sql_mode = "";
SET SESSION sql_mode = "";
SET SESSION sql_mode = "";
SET SESSION sql_mode = "";
SET SESSION sql_mode = "";
SET SESSION sql_mode = "";
SET SESSION sql_mode = "";
SET SESSION sql_mode = "";
SET SESSION sql_mode = "";
SET SESSION sql_mode = "";
SET SESSION sql_mode = "";
SET SESSION sql_mode = "";
SET SESSION sql_mode = "";
SET SESSION sql_mode = "";
SET SESSION sql_mode = "";
SET SESSION sql_mode = "";
SET SESSION sql_mode = "";
SET SESSION sql_mode = "";
SET SESSION sql_mode = "";
SET SESSION sql_mode = "";
SET SESSION sql_mode = "";
SET SESSION sql_mode = "";
SET SESSION sql_mode = "";
SET SESSION sql_mode = "";
SET SESSION sql_mode = "";
SET SESSION sql_mode = "";
SET SESSION sql_mode = "";
SET SESSION sql_mode = "";
SET SESSION sql_mode = "";
SET SESSION sql_mode = "";
SET SESSION sql_mode = "";
SET SESSION sql_mode = "";
SET SESSION sql_mode = "";
SET SESSION sql_mode = "";
SET SESSION sql_mode = "";
SET SESSION sql_mode = "";
SET SESSION sql_mode = "";
SET SESSION sql_mode = "";
SET SESSION sql_mode = "";
SET SESSION sql_mode = "";
SET SESSION sql_mode = "";
SET SESSION sql_mode = "";
SET SESSION sql_mode = "";
SET SESSION sql_mode = "";
SET SESSION sql_mode = "";
SET SESSION sql_mode = "";
SET SESSION sql_mode = "";
SET SESSION sql_mode = "";
SET SESSION sql_mode = "";
SET SESSION sql_mode = "";
SET SESSION sql_mode = "";
SET SESSION sql_mode = "";
SET SESSION sql_mode = "";
SET SESSION sql_mode = "";
SET SESSION sql_mode = "";
SET SESSION sql_mode = "";
SET SESSION sql_mode = "";
SET SESSION sql_mode = "";
SET SESSION sql_mode = "";
SET SESSION sql_mode = "";
SET SESSION sql_mode = "";
SET SESSION sql_mode = "";
SET SESSION sql_mode = "";
SET SESSION sql_mode = "";
SET SESSION sql_mode = "";
SET SESSION sql_mode = "";
SET SESSION sql_mode = "";
SET SESSION sql_mode = "";
SET SESSION sql_mode = "";
SET SESSION sql_mode = "";
SET SESSION sql_mode = "";
SET SESSION sql_mode = "";
SET SESSION sql_mode = "";
SET SESSION sql_mode = "";
SET SESSION sql_mode = "";
SET SESSION sql_mode = "";
SET SESSION sql_mode = "";
SET SESSION sql_mode = "";
SET SESSION sql_mode = "";
SET SESSION sql_mode = "";
SET SESSION sql_mode = "";
SET SESSION sql_mode = "";
SET SESSION sql_mode = "";
SET SESSION sql_mode = "";
SET SESSION sql_mode = "";
SET SESSION sql_mode = "";
SET SESSION sql_mode = "";
SET SESSION sql_mode = "";
SET SESSION sql_mode = "";
SET SESSION sql_mode = "";
SET SESSION sql_mode = "";
SET SESSION sql_mode = "";
SET SESSION sql_mode = "";
SET SESSION sql_mode = "";
SET SESSION sql_mode = "";
SET SESSION sql_mode = "";
SET SESSION sql_mode = "";
SET SESSION sql_mode = "";
SET SESSION sql_mode = "";
SET SESSION sql_mode = "";
SET SESSION sql_mode = "";
SET SESSION sql_mode = "";
SET SESSION sql_mode = "";
SET SESSION sql_mode = "";
SET SESSION sql_mode = "";
SET SESSION sql_mode = "";
SET SESSION sql_mode = "";
SET SESSION sql_mode = "";
SET SESSION sql_mode = "";
SET SESSION sql_mode = "";
SET SESSION sql_mode = "";
SET SESSION sql_mode = "";
SET SESSION sql_mode = "";
SET SESSION sql_mode = "";
SET SESSION sql_mode = "";
SET SESSION sql_mode = "";
SET SESSION sql_mode = "";
SET SESSION sql_mode = "";
SET SESSION sql_mode = "";
SET SESSION sql_mode = "";
SET SESSION sql_mode = "";
SET SESSION sql_mode = "";
SET SESSION sql_mode = "";
SET SESSION sql_mode = "";
SET SESSION sql_mode = "";
SET SESSION sql_mode = "";
SET SESSION sql_mode = "";
SET SESSION sql_mode = "";
SET SESSION sql_mode = "";
SET SESSION sql_mode = "";
SET SESSION sql_mode = "";
SET SESSION sql_mode = "";
SET SESSION sql_mode = "";
SET SESSION sql_mode = "";
SET SESSION sql_mode = "";
SET SESSION sql_mode = "";
SET SESSION sql_mode = "";
SET SESSION sql_mode = "";
SET SESSION sql_mode = "";
SET SESSION sql_mode = "";
SET SESSION sql_mode = "";
SET SESSION sql_mode = "";
SET SESSION sql_mode = "";
SET SESSION sql_mode = "";
SET SESSION sql_mode = "";
SET SESSION sql_mode = "";
SET SESSION sql_mode = "";
SET SESSION sql_mode = "";
SET SESSION sql_mode = "";
SET SESSION sql_mode = "";
SET SESSION sql_mode = "";
SET SESSION sql_mode = "";
SET SESSION sql_mode = "";
SET SESSION sql_mode = "";
SET SESSION sql_mode = "";
SET SESSION sql_mode = "";
SET SESSION sql_mode = "";
SET SESSION sql_mode = "";
SET SESSION sql_mode = "";
SET SESSION sql_mode = "";
SET SESSION sql_mode = "";
SET SESSION sql_mode = "";
SET SESSION sql_mode = "";
SET SESSION sql_mode = "";
SET SESSION sql_mode = "";
SET SESSION sql_mode = "";
SET SESSION sql_mode = "";
SET SESSION sql_mode = "";
SET SESSION sql_mode = "";
SET SESSION sql_mode = "";
SET SESSION sql_mode = "";
SET SESSION sql_mode = "";
SET SESSION sql_mode = "";
SET SESSION sql_mode = "";
SET SESSION sql_mode = "";
SET SESSION sql_mode = "";
SET SESSION sql_mode = "";
SET SESSION sql_mode = "";
SET SESSION sql_mode = "";
SET SESSION sql_mode = "";
SET SESSION sql_mode = "";
SET SESSION sql_mode = "";
SET SESSION sql_mode = "";
SET SESSION sql_mode = "";
SET SESSION sql_mode = "";
SET SESSION sql_mode = "";
SET SESSION sql_mode = "";
SET SESSION sql_mode = "";
SET SESSION sql_mode = "";
SET SESSION sql_mode = "";
SET SESSION sql_mode = "";
SET SESSION sql_mode = "";
SET SESSION sql_mode = "";
SET SESSION sql_mode = "";
SET SESSION sql_mode = "";
SET SESSION sql_mode = "";
SET SESSION sql_mode = "";
SET SESSION sql_mode = "";
SET SESSION sql_mode = "";
SET SESSION sql_mode = "";
SET SESSION sql_mode = "";
SET SESSION sql_mode = "";
SET SESSION sql_mode = "";
SET SESSION sql_mode = "";
INSERT INTO `reseller_information` (`reseller_id`, `reseller_name`, `reseller_mobile`, `reseller_email`, `email_address`, `contact`, `phone`, `fax`, `city`, `state`, `zip`, `country`, `reseller_address`, `address2`, `status`, `create_by`) VALUES ('', '123', '', '', '', '', '', '', '', '', '', '', '', '', 1, '1');
INSERT INTO `acc_coa` (`HeadCode`, `HeadName`, `PHeadName`, `HeadLevel`, `IsActive`, `IsTransaction`, `IsGL`, `HeadType`, `IsBudget`, `IsDepreciation`, `DepreciationRate`, `reseller_id`, `CreateBy`, `CreateDate`) VALUES (113100000002, '2-123', 'Resellers', '4', '1', '1', '0', 'A', '0', '0', '0', 2, '1', '2022-11-09 01:45:50');
SET SESSION sql_mode = "";
SET SESSION sql_mode = "";
SET SESSION sql_mode = "";
SET SESSION sql_mode = "";
SET SESSION sql_mode = "";
SET SESSION sql_mode = "";
SET SESSION sql_mode = "";
SET SESSION sql_mode = "";
SET SESSION sql_mode = "";
SET SESSION sql_mode = "";
SET SESSION sql_mode = "";
SET SESSION sql_mode = "";
SET SESSION sql_mode = "";
SET SESSION sql_mode = "";
SET SESSION sql_mode = "";
SET SESSION sql_mode = "";
SET SESSION sql_mode = "";
SET SESSION sql_mode = "";
SET SESSION sql_mode = "";
SET SESSION sql_mode = "";
SET SESSION sql_mode = "";
SET SESSION sql_mode = "";
SET SESSION sql_mode = "";
SET SESSION sql_mode = "";
SET SESSION sql_mode = "";
SET SESSION sql_mode = "";
SET SESSION sql_mode = "";
SET SESSION sql_mode = "";
SET SESSION sql_mode = "";
SET SESSION sql_mode = "";
SET SESSION sql_mode = "";
SET SESSION sql_mode = "";
SET SESSION sql_mode = "";
SET SESSION sql_mode = "";
SET SESSION sql_mode = "";
SET SESSION sql_mode = "";
SET SESSION sql_mode = "";
SET SESSION sql_mode = "";
SET SESSION sql_mode = "";
SET SESSION sql_mode = "";
SET SESSION sql_mode = "";
SET SESSION sql_mode = "";
SET SESSION sql_mode = "";
SET SESSION sql_mode = "";
SET SESSION sql_mode = "";
SET SESSION sql_mode = "";
SET SESSION sql_mode = "";
SET SESSION sql_mode = "";
SET SESSION sql_mode = "";
SET SESSION sql_mode = "";
SET SESSION sql_mode = "";
SET SESSION sql_mode = "";
SET SESSION sql_mode = "";
SET SESSION sql_mode = "";
SET SESSION sql_mode = "";
SET SESSION sql_mode = "";
SET SESSION sql_mode = "";
SET SESSION sql_mode = "";
SET SESSION sql_mode = "";
SET SESSION sql_mode = "";
SET SESSION sql_mode = "";
SET SESSION sql_mode = "";
SET SESSION sql_mode = "";
SET SESSION sql_mode = "";
SET SESSION sql_mode = "";
SET SESSION sql_mode = "";
SET SESSION sql_mode = "";
SET SESSION sql_mode = "";
SET SESSION sql_mode = "";
SET SESSION sql_mode = "";
SET SESSION sql_mode = "";
SET SESSION sql_mode = "";
SET SESSION sql_mode = "";
SET SESSION sql_mode = "";
SET SESSION sql_mode = "";
SET SESSION sql_mode = "";
SET SESSION sql_mode = "";
SET SESSION sql_mode = "";
SET SESSION sql_mode = "";
SET SESSION sql_mode = "";
SET SESSION sql_mode = "";
SET SESSION sql_mode = "";
SET SESSION sql_mode = "";
SET SESSION sql_mode = "";
SET SESSION sql_mode = "";
SET SESSION sql_mode = "";
SET SESSION sql_mode = "";
SET SESSION sql_mode = "";
SET SESSION sql_mode = "";
SET SESSION sql_mode = "";
SET SESSION sql_mode = "";
SET SESSION sql_mode = "";
SET SESSION sql_mode = "";
SET SESSION sql_mode = "";
SET SESSION sql_mode = "";
SET SESSION sql_mode = "";
SET SESSION sql_mode = "";
SET SESSION sql_mode = "";
SET SESSION sql_mode = "";
SET SESSION sql_mode = "";
SET SESSION sql_mode = "";
SET SESSION sql_mode = "";
SET SESSION sql_mode = "";
SET SESSION sql_mode = "";
SET SESSION sql_mode = "";
SET SESSION sql_mode = "";
SET SESSION sql_mode = "";
SET SESSION sql_mode = "";
SET SESSION sql_mode = "";
SET SESSION sql_mode = "";
SET SESSION sql_mode = "";
SET SESSION sql_mode = "";
INSERT INTO `product_information` (`product_id`, `product_name`, `category_id`, `unit`, `tax`, `serial_no`, `price`, `product_model`, `product_details`, `product_vat`, `image`, `status`) VALUES ('80857985', 'Garuda Gold 0.005', '1', 'PCS', 0, 'GRDZXC020120200005BVV2', '20000', 'Gramasi 0.005', '', '', 'my-assets/image/product.png', 1);
INSERT INTO `supplier_product` (`product_id`, `supplier_id`, `supplier_price`, `products_model`) VALUES ('80857985', '1', '10000', 'Gramasi 0.005');
SET SESSION sql_mode = "";
SET SESSION sql_mode = "";
SET SESSION sql_mode = "";
SET SESSION sql_mode = "";
SET SESSION sql_mode = "";
SET SESSION sql_mode = "";
SET SESSION sql_mode = "";
SET SESSION sql_mode = "";
SET SESSION sql_mode = "";
SET SESSION sql_mode = "";
SET SESSION sql_mode = "";
SET SESSION sql_mode = "";
SET SESSION sql_mode = "";
SET SESSION sql_mode = "";
SET SESSION sql_mode = "";
SET SESSION sql_mode = "";
SET SESSION sql_mode = "";
SET SESSION sql_mode = "";
SET SESSION sql_mode = "";
SET SESSION sql_mode = "";
SET SESSION sql_mode = "";
SET SESSION sql_mode = "";
SET SESSION sql_mode = "";
SET SESSION sql_mode = "";
SET SESSION sql_mode = "";
SET SESSION sql_mode = "";
SET SESSION sql_mode = "";
SET SESSION sql_mode = "";
SET SESSION sql_mode = "";
SET SESSION sql_mode = "";
SET SESSION sql_mode = "";
SET SESSION sql_mode = "";
SET SESSION sql_mode = "";
SET SESSION sql_mode = "";
SET SESSION sql_mode = "";
SET SESSION sql_mode = "";
SET SESSION sql_mode = "";
SET SESSION sql_mode = "";
SET SESSION sql_mode = "";
SET SESSION sql_mode = "";
SET SESSION sql_mode = "";
SET SESSION sql_mode = "";
SET SESSION sql_mode = "";
SET SESSION sql_mode = "";
SET SESSION sql_mode = "";
SET SESSION sql_mode = "";
SET SESSION sql_mode = "";
SET SESSION sql_mode = "";
SET SESSION sql_mode = "";
SET SESSION sql_mode = "";
SET SESSION sql_mode = "";
SET SESSION sql_mode = "";
SET SESSION sql_mode = "";
SET SESSION sql_mode = "";
UPDATE `supplier_information` SET `supplier_id` = '1', `supplier_name` = 'Garuda Gold Factory', `mobile` = '', `emailnumber` = '', `email_address` = '', `contact` = '', `phone` = '', `fax` = '', `city` = '', `state` = '', `zip` = '', `country` = '', `address` = '', `address2` = '', `status` = 1
WHERE `supplier_id` = '1';
UPDATE `acc_coa` SET `HeadName` = '1-Garuda Gold Factory'
WHERE `HeadName` = '1-Garuda Gold';
SET SESSION sql_mode = "";
SET SESSION sql_mode = "";
SET SESSION sql_mode = "";
SET SESSION sql_mode = "";
SET SESSION sql_mode = "";
SET SESSION sql_mode = "";
SET SESSION sql_mode = "";
SET SESSION sql_mode = "";
SET SESSION sql_mode = "";
SET SESSION sql_mode = "";
SET SESSION sql_mode = "";
SET SESSION sql_mode = "";
SET SESSION sql_mode = "";
SET SESSION sql_mode = "";
SET SESSION sql_mode = "";
SET SESSION sql_mode = "";
SET SESSION sql_mode = "";
SET SESSION sql_mode = "";
SET SESSION sql_mode = "";
SET SESSION sql_mode = "";
SET SESSION sql_mode = "";
SET SESSION sql_mode = "";
SET SESSION sql_mode = "";
SET SESSION sql_mode = "";
SET SESSION sql_mode = "";
SET SESSION sql_mode = "";
SET SESSION sql_mode = "";
SET SESSION sql_mode = "";
SET SESSION sql_mode = "";
SET SESSION sql_mode = "";
SET SESSION sql_mode = "";
SET SESSION sql_mode = "";
SET SESSION sql_mode = "";
SET SESSION sql_mode = "";
SET SESSION sql_mode = "";
SET SESSION sql_mode = "";
SET SESSION sql_mode = "";
SET SESSION sql_mode = "";
SET SESSION sql_mode = "";
SET SESSION sql_mode = "";
SET SESSION sql_mode = "";
SET SESSION sql_mode = "";
SET SESSION sql_mode = "";
SET SESSION sql_mode = "";
SET SESSION sql_mode = "";
SET SESSION sql_mode = "";
SET SESSION sql_mode = "";
SET SESSION sql_mode = "";
SET SESSION sql_mode = "";
SET SESSION sql_mode = "";
SET SESSION sql_mode = "";
SET SESSION sql_mode = "";
SET SESSION sql_mode = "";
SET SESSION sql_mode = "";
SET SESSION sql_mode = "";
SET SESSION sql_mode = "";
SET SESSION sql_mode = "";
SET SESSION sql_mode = "";
SET SESSION sql_mode = "";
SET SESSION sql_mode = "";
SET SESSION sql_mode = "";
SET SESSION sql_mode = "";
SET SESSION sql_mode = "";
SET SESSION sql_mode = "";
SET SESSION sql_mode = "";
SET SESSION sql_mode = "";
SET SESSION sql_mode = "";
SET SESSION sql_mode = "";
SET SESSION sql_mode = "";
SET SESSION sql_mode = "";
SET SESSION sql_mode = "";
SET SESSION sql_mode = "";
SET SESSION sql_mode = "";
SET SESSION sql_mode = "";
SET SESSION sql_mode = "";
SET SESSION sql_mode = "";
SET SESSION sql_mode = "";
SET SESSION sql_mode = "";
SET SESSION sql_mode = "";
SET SESSION sql_mode = "";
SET SESSION sql_mode = "";
SET SESSION sql_mode = "";
SET SESSION sql_mode = "";
SET SESSION sql_mode = "";
SET SESSION sql_mode = "";
SET SESSION sql_mode = "";
SET SESSION sql_mode = "";
SET SESSION sql_mode = "";
SET SESSION sql_mode = "";
SET SESSION sql_mode = "";
SET SESSION sql_mode = "";
SET SESSION sql_mode = "";
SET SESSION sql_mode = "";
SET SESSION sql_mode = "";
SET SESSION sql_mode = "";
SET SESSION sql_mode = "";
SET SESSION sql_mode = "";
SET SESSION sql_mode = "";
SET SESSION sql_mode = "";
SET SESSION sql_mode = "";
SET SESSION sql_mode = "";
SET SESSION sql_mode = "";
SET SESSION sql_mode = "";
SET SESSION sql_mode = "";
SET SESSION sql_mode = "";
SET SESSION sql_mode = "";
INSERT INTO `product_information` (`product_id`, `product_name`, `category_id`, `unit`, `tax`, `serial_no`, `price`, `product_model`, `product_details`, `product_vat`, `image`, `status`) VALUES ('24083841', 'Custom JJ Aerobic', '2', '', 0, 'GRDZXC020120200001AAA6', '40000', '-', '', '', 'my-assets/image/product.png', 1);
INSERT INTO `supplier_product` (`product_id`, `supplier_id`, `supplier_price`, `products_model`) VALUES ('24083841', '1', '10000', '-');
SET SESSION sql_mode = "";
SET SESSION sql_mode = "";
SET SESSION sql_mode = "";
SET SESSION sql_mode = "";
SET SESSION sql_mode = "";
SET SESSION sql_mode = "";
SET SESSION sql_mode = "";
SET SESSION sql_mode = "";
SET SESSION sql_mode = "";
SET SESSION sql_mode = "";
SET SESSION sql_mode = "";
SET SESSION sql_mode = "";
SET SESSION sql_mode = "";
SET SESSION sql_mode = "";
SET SESSION sql_mode = "";
SET SESSION sql_mode = "";
SET SESSION sql_mode = "";
SET SESSION sql_mode = "";
SET SESSION sql_mode = "";
SET SESSION sql_mode = "";
SET SESSION sql_mode = "";
SET SESSION sql_mode = "";
SET SESSION sql_mode = "";
SET SESSION sql_mode = "";
SET SESSION sql_mode = "";
SET SESSION sql_mode = "";
SET SESSION sql_mode = "";
SET SESSION sql_mode = "";
SET SESSION sql_mode = "";
SET SESSION sql_mode = "";
SET SESSION sql_mode = "";
SET SESSION sql_mode = "";
SET SESSION sql_mode = "";
SET SESSION sql_mode = "";
SET SESSION sql_mode = "";
SET SESSION sql_mode = "";
SET SESSION sql_mode = "";
SET SESSION sql_mode = "";
SET SESSION sql_mode = "";
SET SESSION sql_mode = "";
SET SESSION sql_mode = "";
SET SESSION sql_mode = "";
SET SESSION sql_mode = "";
SET SESSION sql_mode = "";
SET SESSION sql_mode = "";
SET SESSION sql_mode = "";
SET SESSION sql_mode = "";
SET SESSION sql_mode = "";
SET SESSION sql_mode = "";
SET SESSION sql_mode = "";
SET SESSION sql_mode = "";
SET SESSION sql_mode = "";
SET SESSION sql_mode = "";
SET SESSION sql_mode = "";
SET SESSION sql_mode = "";
SET SESSION sql_mode = "";
SET SESSION sql_mode = "";
SET SESSION sql_mode = "";
SET SESSION sql_mode = "";
SET SESSION sql_mode = "";
SET SESSION sql_mode = "";
SET SESSION sql_mode = "";
SET SESSION sql_mode = "";
SET SESSION sql_mode = "";
SET SESSION sql_mode = "";
SET SESSION sql_mode = "";
SET SESSION sql_mode = "";
SET SESSION sql_mode = "";
SET SESSION sql_mode = "";
SET SESSION sql_mode = "";
SET SESSION sql_mode = "";
SET SESSION sql_mode = "";
SET SESSION sql_mode = "";
SET SESSION sql_mode = "";
SET SESSION sql_mode = "";
SET SESSION sql_mode = "";
SET SESSION sql_mode = "";
SET SESSION sql_mode = "";
SET SESSION sql_mode = "";
SET SESSION sql_mode = "";
SET SESSION sql_mode = "";
SET SESSION sql_mode = "";
SET SESSION sql_mode = "";
SET SESSION sql_mode = "";
SET SESSION sql_mode = "";
SET SESSION sql_mode = "";
SET SESSION sql_mode = "";
SET SESSION sql_mode = "";
SET SESSION sql_mode = "";
SET SESSION sql_mode = "";
SET SESSION sql_mode = "";
SET SESSION sql_mode = "";
SET SESSION sql_mode = "";
SET SESSION sql_mode = "";
SET SESSION sql_mode = "";
SET SESSION sql_mode = "";
SET SESSION sql_mode = "";
SET SESSION sql_mode = "";
SET SESSION sql_mode = "";
SET SESSION sql_mode = "";
SET SESSION sql_mode = "";
SET SESSION sql_mode = "";
SET SESSION sql_mode = "";
SET SESSION sql_mode = "";
SET SESSION sql_mode = "";
SET SESSION sql_mode = "";
SET SESSION sql_mode = "";
SET SESSION sql_mode = "";
SET SESSION sql_mode = "";
SET SESSION sql_mode = "";
SET SESSION sql_mode = "";
SET SESSION sql_mode = "";
SET SESSION sql_mode = "";
SET SESSION sql_mode = "";
SET SESSION sql_mode = "";
SET SESSION sql_mode = "";
SET SESSION sql_mode = "";
SET SESSION sql_mode = "";
SET SESSION sql_mode = "";
SET SESSION sql_mode = "";
SET SESSION sql_mode = "";
SET SESSION sql_mode = "";
SET SESSION sql_mode = "";
SET SESSION sql_mode = "";
SET SESSION sql_mode = "";
SET SESSION sql_mode = "";
SET SESSION sql_mode = "";
SET SESSION sql_mode = "";
SET SESSION sql_mode = "";
SET SESSION sql_mode = "";
SET SESSION sql_mode = "";
SET SESSION sql_mode = "";
SET SESSION sql_mode = "";
SET SESSION sql_mode = "";
SET SESSION sql_mode = "";
SET SESSION sql_mode = "";
SET SESSION sql_mode = "";
UPDATE `app_setting` SET `localhserver` = 'https://gg.kpntwks.xyz/', `onlineserver` = 'https://gg.kpntwks.xyz/', `hotspot` = 'https://gg.kpntwks.xyz/'
WHERE `id` = '1';
SET SESSION sql_mode = "";
SET SESSION sql_mode = "";
SET SESSION sql_mode = "";
SET SESSION sql_mode = "";
SET SESSION sql_mode = "";
SET SESSION sql_mode = "";
SET SESSION sql_mode = "";
SET SESSION sql_mode = "";
SET SESSION sql_mode = "";
SET SESSION sql_mode = "";
SET SESSION sql_mode = "";
SET SESSION sql_mode = "";
SET SESSION sql_mode = "";
SET SESSION sql_mode = "";
SET SESSION sql_mode = "";
SET SESSION sql_mode = "";
SET SESSION sql_mode = "";
SET SESSION sql_mode = "";
SET SESSION sql_mode = "";
SET SESSION sql_mode = "";
SET SESSION sql_mode = "";
SET SESSION sql_mode = "";
SET SESSION sql_mode = "";
SET SESSION sql_mode = "";
SET SESSION sql_mode = "";
SET SESSION sql_mode = "";
SET SESSION sql_mode = "";
SET SESSION sql_mode = "";
SET SESSION sql_mode = "";
SET SESSION sql_mode = "";
SET SESSION sql_mode = "";
SET SESSION sql_mode = "";
SET SESSION sql_mode = "";
SET SESSION sql_mode = "";
SET SESSION sql_mode = "";
SET SESSION sql_mode = "";
SET SESSION sql_mode = "";
SET SESSION sql_mode = "";
SET SESSION sql_mode = "";
SET SESSION sql_mode = "";
SET SESSION sql_mode = "";
SET SESSION sql_mode = "";
SET SESSION sql_mode = "";
SET SESSION sql_mode = "";
SET SESSION sql_mode = "";
SET SESSION sql_mode = "";
SET SESSION sql_mode = "";
SET SESSION sql_mode = "";
SET SESSION sql_mode = "";
SET SESSION sql_mode = "";
SET SESSION sql_mode = "";
SET SESSION sql_mode = "";
SET SESSION sql_mode = "";
SET SESSION sql_mode = "";
SET SESSION sql_mode = "";
SET SESSION sql_mode = "";
SET SESSION sql_mode = "";
SET SESSION sql_mode = "";
SET SESSION sql_mode = "";
SET SESSION sql_mode = "";
SET SESSION sql_mode = "";
SET SESSION sql_mode = "";
SET SESSION sql_mode = "";
UPDATE `product_information` SET `product_id` = '80857985', `product_name` = 'Garuda Gold 0.005', `category_id` = '1', `unit` = 'PCS', `tax` = 0, `serial_no` = 'GRDZXC020120200005BVV2', `price` = '20000', `product_model` = 'Gramasi 0.005', `product_details` = '', `product_vat` = '5', `image` = 'my-assets/image/product.png', `status` = 1
WHERE `product_id` = '80857985';
DELETE FROM `supplier_product`
WHERE `product_id` = '80857985';
INSERT INTO `supplier_product` (`product_id`, `supplier_id`, `supplier_price`, `products_model`) VALUES ('80857985', '1', '10000', 'Gramasi 0.005');
SET SESSION sql_mode = "";
SET SESSION sql_mode = "";
SET SESSION sql_mode = "";
SET SESSION sql_mode = "";
SET SESSION sql_mode = "";
SET SESSION sql_mode = "";
SET SESSION sql_mode = "";
SET SESSION sql_mode = "";
SET SESSION sql_mode = "";
SET SESSION sql_mode = "";
SET SESSION sql_mode = "";
SET SESSION sql_mode = "";
SET SESSION sql_mode = "";
SET SESSION sql_mode = "";
SET SESSION sql_mode = "";
SET SESSION sql_mode = "";
SET SESSION sql_mode = "";
SET SESSION sql_mode = "";
SET SESSION sql_mode = "";
SET SESSION sql_mode = "";
SET SESSION sql_mode = "";
SET SESSION sql_mode = "";
SET SESSION sql_mode = "";
SET SESSION sql_mode = "";
SET SESSION sql_mode = "";
SET SESSION sql_mode = "";
SET SESSION sql_mode = "";
SET SESSION sql_mode = "";
SET SESSION sql_mode = "";
SET SESSION sql_mode = "";
SET SESSION sql_mode = "";
SET SESSION sql_mode = "";
SET SESSION sql_mode = "";
SET SESSION sql_mode = "";
SET SESSION sql_mode = "";
SET SESSION sql_mode = "";
SET SESSION sql_mode = "";
SET SESSION sql_mode = "";
SET SESSION sql_mode = "";
SET SESSION sql_mode = "";
SET SESSION sql_mode = "";
SET SESSION sql_mode = "";
SET SESSION sql_mode = "";
SET SESSION sql_mode = "";
SET SESSION sql_mode = "";
SET SESSION sql_mode = "";
SET SESSION sql_mode = "";
                                                        SET SESSION sql_mode = "";
SET SESSION sql_mode = "";
SET SESSION sql_mode = "";
SET SESSION sql_mode = "";
SET SESSION sql_mode = "";
SET SESSION sql_mode = "";
SET SESSION sql_mode = "";
SET SESSION sql_mode = "";
SET SESSION sql_mode = "";
SET SESSION sql_mode = "";
SET SESSION sql_mode = "";
SET SESSION sql_mode = "";
SET SESSION sql_mode = "";
SET SESSION sql_mode = "";
SET SESSION sql_mode = "";
SET SESSION sql_mode = "";
SET SESSION sql_mode = "";
SET SESSION sql_mode = "";
SET SESSION sql_mode = "";
SET SESSION sql_mode = "";
SET SESSION sql_mode = "";
SET SESSION sql_mode = "";
SET SESSION sql_mode = "";
SET SESSION sql_mode = "";
SET SESSION sql_mode = "";
SET SESSION sql_mode = "";
SET SESSION sql_mode = "";
SET SESSION sql_mode = "";
SET SESSION sql_mode = "";
SET SESSION sql_mode = "";
SET SESSION sql_mode = "";
SET SESSION sql_mode = "";
SET SESSION sql_mode = "";
SET SESSION sql_mode = "";
SET SESSION sql_mode = "";
SET SESSION sql_mode = "";
SET SESSION sql_mode = "";
SET SESSION sql_mode = "";
SET SESSION sql_mode = "";
SET SESSION sql_mode = "";
SET SESSION sql_mode = "";
SET SESSION sql_mode = "";
SET SESSION sql_mode = "";
SET SESSION sql_mode = "";
SET SESSION sql_mode = "";
SET SESSION sql_mode = "";
SET SESSION sql_mode = "";
SET SESSION sql_mode = "";
SET SESSION sql_mode = "";
SET SESSION sql_mode = "";
SET SESSION sql_mode = "";
SET SESSION sql_mode = "";
SET SESSION sql_mode = "";
SET SESSION sql_mode = "";
SET SESSION sql_mode = "";
SET SESSION sql_mode = "";
SET SESSION sql_mode = "";
SET SESSION sql_mode = "";
SET SESSION sql_mode = "";
SET SESSION sql_mode = "";
SET SESSION sql_mode = "";
SET SESSION sql_mode = "";
SET SESSION sql_mode = "";
SET SESSION sql_mode = "";
SET SESSION sql_mode = "";
SET SESSION sql_mode = "";
SET SESSION sql_mode = "";
SET SESSION sql_mode = "";
SET SESSION sql_mode = "";
SET SESSION sql_mode = "";
SET SESSION sql_mode = "";
SET SESSION sql_mode = "";
SET SESSION sql_mode = "";
SET SESSION sql_mode = "";
SET SESSION sql_mode = "";
SET SESSION sql_mode = "";
SET SESSION sql_mode = "";
SET SESSION sql_mode = "";
SET SESSION sql_mode = "";
SET SESSION sql_mode = "";
SET SESSION sql_mode = "";
SET SESSION sql_mode = "";
SET SESSION sql_mode = "";
SET SESSION sql_mode = "";
SET SESSION sql_mode = "";
SET SESSION sql_mode = "";
SET SESSION sql_mode = "";
SET SESSION sql_mode = "";
SET SESSION sql_mode = "";
SET SESSION sql_mode = "";
SET SESSION sql_mode = "";
SET SESSION sql_mode = "";
SET SESSION sql_mode = "";
SET SESSION sql_mode = "";
SET SESSION sql_mode = "";
SET SESSION sql_mode = "";
SET SESSION sql_mode = "";
SET SESSION sql_mode = "";
SET SESSION sql_mode = "";
SET SESSION sql_mode = "";
SET SESSION sql_mode = "";
SET SESSION sql_mode = "";
SET SESSION sql_mode = "";
SET SESSION sql_mode = "";
SET SESSION sql_mode = "";
SET SESSION sql_mode = "";
SET SESSION sql_mode = "";
SET SESSION sql_mode = "";
SET SESSION sql_mode = "";
SET SESSION sql_mode = "";
SET SESSION sql_mode = "";
SET SESSION sql_mode = "";
SET SESSION sql_mode = "";
SET SESSION sql_mode = "";
SET SESSION sql_mode = "";
SET SESSION sql_mode = "";
SET SESSION sql_mode = "";
SET SESSION sql_mode = "";
SET SESSION sql_mode = "";
SET SESSION sql_mode = "";
SET SESSION sql_mode = "";
SET SESSION sql_mode = "";
SET SESSION sql_mode = "";
SET SESSION sql_mode = "";
SET SESSION sql_mode = "";
SET SESSION sql_mode = "";
SET SESSION sql_mode = "";
SET SESSION sql_mode = "";
SET SESSION sql_mode = "";
SET SESSION sql_mode = "";
SET SESSION sql_mode = "";
SET SESSION sql_mode = "";
SET SESSION sql_mode = "";
SET SESSION sql_mode = "";
SET SESSION sql_mode = "";
SET SESSION sql_mode = "";
SET SESSION sql_mode = "";
SET SESSION sql_mode = "";
SET SESSION sql_mode = "";
SET SESSION sql_mode = "";
SET SESSION sql_mode = "";
SET SESSION sql_mode = "";
SET SESSION sql_mode = "";
SET SESSION sql_mode = "";
SET SESSION sql_mode = "";
SET SESSION sql_mode = "";
SET SESSION sql_mode = "";
SET SESSION sql_mode = "";
SET SESSION sql_mode = "";
SET SESSION sql_mode = "";
SET SESSION sql_mode = "";
SET SESSION sql_mode = "";
SET SESSION sql_mode = "";
SET SESSION sql_mode = "";
SET SESSION sql_mode = "";
SET SESSION sql_mode = "";
SET SESSION sql_mode = "";
SET SESSION sql_mode = "";
SET SESSION sql_mode = "";
SET SESSION sql_mode = "";
SET SESSION sql_mode = "";
SET SESSION sql_mode = "";
SET SESSION sql_mode = "";
SET SESSION sql_mode = "";
SET SESSION sql_mode = "";
SET SESSION sql_mode = "";
SET SESSION sql_mode = "";
SET SESSION sql_mode = "";
SET SESSION sql_mode = "";
SET SESSION sql_mode = "";
SET SESSION sql_mode = "";
SET SESSION sql_mode = "";
SET SESSION sql_mode = "";
INSERT INTO `product_purchase` (`purchase_id`, `chalan_no`, `supplier_id`, `grand_total_amount`, `total_discount`, `invoice_discount`, `total_vat_amnt`, `purchase_date`, `purchase_details`, `paid_amount`, `due_amount`, `status`, `bank_id`, `payment_type`, `is_credit`) VALUES ('20230115132627', '12345678', '1', '5000.00', '', '0.00', '0.00', '2023-01-15', '', '5000.00', '0', 1, NULL, 1, '');
INSERT INTO `acc_transaction` (`VNo`, `Vtype`, `VDate`, `COAID`, `Narration`, `Debit`, `Credit`, `IsPosted`, `CreateBy`, `CreateDate`, `IsAppove`) VALUES ('20230115132627', 'Purchase', '2023-01-15', 1141, 'Inventory Debit For Supplier Garuda Gold Factory', '5000.00', 0, 1, '1', '2023-01-15 13:26:27', 1);
INSERT INTO `acc_transaction` (`VNo`, `Vtype`, `VDate`, `COAID`, `Narration`, `Debit`, `Credit`, `IsPosted`, `CreateBy`, `CreateDate`, `IsAppove`) VALUES ('20230115132627', 'Purchase', '2023-01-15', '21110000001', 'Supplier .Garuda Gold Factory', 0, '5000.00', 1, '1', '2023-01-15', 1);
INSERT INTO `acc_transaction` (`VNo`, `Vtype`, `VDate`, `COAID`, `Narration`, `Debit`, `Credit`, `IsPosted`, `CreateBy`, `CreateDate`, `IsAppove`) VALUES ('20230115132627', 'Purchase', '2023-01-15', '21110000001', 'Supplier .Garuda Gold Factory', '5000.00', 0, 1, '1', '2023-01-15', 1);
INSERT INTO `acc_transaction` (`VNo`, `Vtype`, `VDate`, `COAID`, `Narration`, `Debit`, `Credit`, `IsPosted`, `CreateBy`, `CreateDate`, `IsAppove`) VALUES ('20230115132627', 'PurchasePayment', '2023-01-15', '111000001', 'Paid amount for Supplier  Garuda Gold Factory', 0, '5000.00', 1, '1', '2023-01-15 13:26:27', 1);
INSERT INTO `product_purchase_details` (`purchase_detail_id`, `purchase_id`, `product_id`, `quantity`, `rate`, `batch_id`, `expiry_date`, `total_amount`, `discount`, `discount_amnt`, `vat_amnt_per`, `vat_amnt`, `status`) VALUES ('CS9VUCOVVSLCM8C', '20230115132627', 'GRDZXC020120200001AAA1', '1', '5000', '1', '', '5000', '', '0', '0', '0', 1);
SET SESSION sql_mode = "";
SET SESSION sql_mode = "";
SET SESSION sql_mode = "";
SET SESSION sql_mode = "";
SET SESSION sql_mode = "";
SET SESSION sql_mode = "";
SET SESSION sql_mode = "";
SET SESSION sql_mode = "";
SET SESSION sql_mode = "";
SET SESSION sql_mode = "";
SET SESSION sql_mode = "";
SET SESSION sql_mode = "";
SET SESSION sql_mode = "";
SET SESSION sql_mode = "";
SET SESSION sql_mode = "";
INSERT INTO `product_purchase` (`purchase_id`, `chalan_no`, `supplier_id`, `grand_total_amount`, `total_discount`, `invoice_discount`, `total_vat_amnt`, `purchase_date`, `purchase_details`, `paid_amount`, `due_amount`, `status`, `bank_id`, `payment_type`, `is_credit`) VALUES ('20230115133245', '12345678999', '1', '15000.00', '', '0.00', '0.00', '2023-01-15', '', '15000.00', '0', 1, NULL, 1, '');
INSERT INTO `acc_transaction` (`VNo`, `Vtype`, `VDate`, `COAID`, `Narration`, `Debit`, `Credit`, `IsPosted`, `CreateBy`, `CreateDate`, `IsAppove`) VALUES ('20230115133245', 'Purchase', '2023-01-15', 1141, 'Inventory Debit For Supplier Garuda Gold Factory', '15000.00', 0, 1, '1', '2023-01-15 13:32:45', 1);
INSERT INTO `acc_transaction` (`VNo`, `Vtype`, `VDate`, `COAID`, `Narration`, `Debit`, `Credit`, `IsPosted`, `CreateBy`, `CreateDate`, `IsAppove`) VALUES ('20230115133245', 'Purchase', '2023-01-15', '21110000001', 'Supplier .Garuda Gold Factory', 0, '15000.00', 1, '1', '2023-01-15', 1);
INSERT INTO `acc_transaction` (`VNo`, `Vtype`, `VDate`, `COAID`, `Narration`, `Debit`, `Credit`, `IsPosted`, `CreateBy`, `CreateDate`, `IsAppove`) VALUES ('20230115133245', 'Purchase', '2023-01-15', '21110000001', 'Supplier .Garuda Gold Factory', '15000.00', 0, 1, '1', '2023-01-15', 1);
INSERT INTO `acc_transaction` (`VNo`, `Vtype`, `VDate`, `COAID`, `Narration`, `Debit`, `Credit`, `IsPosted`, `CreateBy`, `CreateDate`, `IsAppove`) VALUES ('20230115133245', 'PurchasePayment', '2023-01-15', '111000001', 'Paid amount for Supplier  Garuda Gold Factory', 0, '15000.00', 1, '1', '2023-01-15 13:32:45', 1);
INSERT INTO `product_purchase_details` (`purchase_detail_id`, `purchase_id`, `product_id`, `quantity`, `rate`, `batch_id`, `expiry_date`, `total_amount`, `discount`, `discount_amnt`, `vat_amnt_per`, `vat_amnt`, `status`) VALUES ('2Q1WT9BFGJ38EAD', '20230115133245', 'GRDZXC020120200001AAA1', '1', '5000', '1', '', '5000', '', '0', '0', '0', 1);
INSERT INTO `product_purchase_details` (`purchase_detail_id`, `purchase_id`, `product_id`, `quantity`, `rate`, `batch_id`, `expiry_date`, `total_amount`, `discount`, `discount_amnt`, `vat_amnt_per`, `vat_amnt`, `status`) VALUES ('7TQJ1EK4HN6K1TT', '20230115133245', '80857985', '1', '10000', '1', '', '10000', '', '0', '0', '0', 1);
SET SESSION sql_mode = "";
SET SESSION sql_mode = "";
SET SESSION sql_mode = "";
SET SESSION sql_mode = "";
SET SESSION sql_mode = "";
SET SESSION sql_mode = "";
SET SESSION sql_mode = "";
SET SESSION sql_mode = "";
SET SESSION sql_mode = "";
SET SESSION sql_mode = "";
SET SESSION sql_mode = "";
SET SESSION sql_mode = "";
SET SESSION sql_mode = "";
SET SESSION sql_mode = "";
SET SESSION sql_mode = "";
SET SESSION sql_mode = "";
SET SESSION sql_mode = "";
SET SESSION sql_mode = "";
SET SESSION sql_mode = "";
SET SESSION sql_mode = "";
SET SESSION sql_mode = "";
SET SESSION sql_mode = "";
SET SESSION sql_mode = "";
SET SESSION sql_mode = "";
SET SESSION sql_mode = "";
SET SESSION sql_mode = "";
SET SESSION sql_mode = "";
SET SESSION sql_mode = "";
SET SESSION sql_mode = "";
SET SESSION sql_mode = "";
SET SESSION sql_mode = "";
SET SESSION sql_mode = "";
SET SESSION sql_mode = "";
SET SESSION sql_mode = "";
SET SESSION sql_mode = "";
SET SESSION sql_mode = "";
SET SESSION sql_mode = "";
INSERT INTO `product_purchase` (`purchase_id`, `chalan_no`, `supplier_id`, `grand_total_amount`, `total_discount`, `invoice_discount`, `total_vat_amnt`, `purchase_date`, `purchase_details`, `paid_amount`, `due_amount`, `status`, `bank_id`, `payment_type`, `is_credit`) VALUES ('20230116234825', '123456787', '1', '30000.00', '', '0.00', '0.00', '2023-01-16', '', '30000.00', '0', 1, NULL, 1, '');
INSERT INTO `acc_transaction` (`VNo`, `Vtype`, `VDate`, `COAID`, `Narration`, `Debit`, `Credit`, `IsPosted`, `CreateBy`, `CreateDate`, `IsAppove`) VALUES ('20230116234825', 'Purchase', '2023-01-16', 1141, 'Inventory Debit For Supplier Garuda Gold Factory', '30000.00', 0, 1, '1', '2023-01-16 23:48:25', 1);
INSERT INTO `acc_transaction` (`VNo`, `Vtype`, `VDate`, `COAID`, `Narration`, `Debit`, `Credit`, `IsPosted`, `CreateBy`, `CreateDate`, `IsAppove`) VALUES ('20230116234825', 'Purchase', '2023-01-16', '21110000001', 'Supplier .Garuda Gold Factory', 0, '30000.00', 1, '1', '2023-01-16', 1);
INSERT INTO `acc_transaction` (`VNo`, `Vtype`, `VDate`, `COAID`, `Narration`, `Debit`, `Credit`, `IsPosted`, `CreateBy`, `CreateDate`, `IsAppove`) VALUES ('20230116234825', 'Purchase', '2023-01-16', '21110000001', 'Supplier .Garuda Gold Factory', '30000.00', 0, 1, '1', '2023-01-16', 1);
INSERT INTO `acc_transaction` (`VNo`, `Vtype`, `VDate`, `COAID`, `Narration`, `Debit`, `Credit`, `IsPosted`, `CreateBy`, `CreateDate`, `IsAppove`) VALUES ('20230116234825', 'PurchasePayment', '2023-01-16', '111000001', 'Paid amount for Supplier  Garuda Gold Factory', 0, '30000.00', 1, '1', '2023-01-16 23:48:25', 1);
INSERT INTO `product_purchase_details` (`purchase_detail_id`, `purchase_id`, `product_id`, `prefix`, `serial_number`, `suffix`, `quantity`, `rate`, `batch_id`, `expiry_date`, `total_amount`, `discount`, `discount_amnt`, `vat_amnt_per`, `vat_amnt`, `status`) VALUES ('2KW2XICHZUODV7I', '20230116234825', 'GRDZXC020120200001AAA1', 'GRDZXC', 1673912906, 'AAA1', '2', '5000', '1', '', '10000', '', '0', '0', '0', 1);
INSERT INTO `product_purchase_details` (`purchase_detail_id`, `purchase_id`, `product_id`, `prefix`, `serial_number`, `suffix`, `quantity`, `rate`, `batch_id`, `expiry_date`, `total_amount`, `discount`, `discount_amnt`, `vat_amnt_per`, `vat_amnt`, `status`) VALUES ('3WTSWSZT4VOZEO8', '20230116234825', '80857985', 'GRDZXC', 1673912906, 'AAA1', '2', '10000', '1', '', '20000', '', '0', '0', '0', 1);
SET SESSION sql_mode = "";
SET SESSION sql_mode = "";
SET SESSION sql_mode = "";
SET SESSION sql_mode = "";
SET SESSION sql_mode = "";
SET SESSION sql_mode = "";
SET SESSION sql_mode = "";
SET SESSION sql_mode = "";
SET SESSION sql_mode = "";
SET SESSION sql_mode = "";
SET SESSION sql_mode = "";
SET SESSION sql_mode = "";
SET SESSION sql_mode = "";
SET SESSION sql_mode = "";
SET SESSION sql_mode = "";
SET SESSION sql_mode = "";
SET SESSION sql_mode = "";
SET SESSION sql_mode = "";
SET SESSION sql_mode = "";
SET SESSION sql_mode = "";
SET SESSION sql_mode = "";
SET SESSION sql_mode = "";
SET SESSION sql_mode = "";
SET SESSION sql_mode = "";
SET SESSION sql_mode = "";
INSERT INTO `product_purchase` (`purchase_id`, `chalan_no`, `supplier_id`, `grand_total_amount`, `total_discount`, `invoice_discount`, `total_vat_amnt`, `purchase_date`, `purchase_details`, `paid_amount`, `due_amount`, `status`, `bank_id`, `payment_type`, `is_credit`) VALUES ('20230118223016', '1243417681', '1', '250000.00', '', '0.00', '0.00', '2023-01-18', 'detail', '250000.00', '0', 1, NULL, 1, '');
INSERT INTO `acc_transaction` (`VNo`, `Vtype`, `VDate`, `COAID`, `Narration`, `Debit`, `Credit`, `IsPosted`, `CreateBy`, `CreateDate`, `IsAppove`) VALUES ('20230118223016', 'Purchase', '2023-01-18', 1141, 'Inventory Debit For Supplier Garuda Gold Factory', '250000.00', 0, 1, '1', '2023-01-18 22:30:16', 1);
INSERT INTO `acc_transaction` (`VNo`, `Vtype`, `VDate`, `COAID`, `Narration`, `Debit`, `Credit`, `IsPosted`, `CreateBy`, `CreateDate`, `IsAppove`) VALUES ('20230118223016', 'Purchase', '2023-01-18', '21110000001', 'Supplier .Garuda Gold Factory', 0, '250000.00', 1, '1', '2023-01-18', 1);
INSERT INTO `acc_transaction` (`VNo`, `Vtype`, `VDate`, `COAID`, `Narration`, `Debit`, `Credit`, `IsPosted`, `CreateBy`, `CreateDate`, `IsAppove`) VALUES ('20230118223016', 'Purchase', '2023-01-18', '21110000001', 'Supplier .Garuda Gold Factory', '250000.00', 0, 1, '1', '2023-01-18', 1);
INSERT INTO `acc_transaction` (`VNo`, `Vtype`, `VDate`, `COAID`, `Narration`, `Debit`, `Credit`, `IsPosted`, `CreateBy`, `CreateDate`, `IsAppove`) VALUES ('20230118223016', 'PurchasePayment', '2023-01-18', '111000001', 'Paid amount for Supplier  Garuda Gold Factory', 0, '250000.00', 1, '1', '2023-01-18 22:30:16', 1);
INSERT INTO `product_purchase_details` (`purchase_detail_id`, `purchase_id`, `product_id`, `prefix`, `serial_number`, `suffix`, `quantity`, `rate`, `batch_id`, `expiry_date`, `total_amount`, `discount`, `discount_amnt`, `vat_amnt_per`, `vat_amnt`, `status`) VALUES ('243ZUO3H7YJ1CEU', '20230118223016', 'GRDZXC020120200001AAA1', 'GRDZXC', 1674081018, 'AAA1', '10', '5000', '1', '', '50000', '', '0', '0', '0', 1);
INSERT INTO `product_purchase_details` (`purchase_detail_id`, `purchase_id`, `product_id`, `prefix`, `serial_number`, `suffix`, `quantity`, `rate`, `batch_id`, `expiry_date`, `total_amount`, `discount`, `discount_amnt`, `vat_amnt_per`, `vat_amnt`, `status`) VALUES ('7JISNFVACYDHT28', '20230118223016', '80857985', '808579', 1674081019, '7985', '20', '10000', '1', '', '200000', '', '0', '0', '0', 1);
SET SESSION sql_mode = "";
SET SESSION sql_mode = "";
SET SESSION sql_mode = "";
SET SESSION sql_mode = "";
SET SESSION sql_mode = "";
SET SESSION sql_mode = "";
SET SESSION sql_mode = "";
SET SESSION sql_mode = "";
SET SESSION sql_mode = "";
SET SESSION sql_mode = "";
SET SESSION sql_mode = "";
SET SESSION sql_mode = "";
SET SESSION sql_mode = "";
SET SESSION sql_mode = "";
SET SESSION sql_mode = "";
SET SESSION sql_mode = "";
SET SESSION sql_mode = "";
SET SESSION sql_mode = "";
SET SESSION sql_mode = "";
SET SESSION sql_mode = "";
SET SESSION sql_mode = "";
SET SESSION sql_mode = "";
SET SESSION sql_mode = "";
SET SESSION sql_mode = "";
SET SESSION sql_mode = "";
SET SESSION sql_mode = "";
SET SESSION sql_mode = "";
SET SESSION sql_mode = "";
SET SESSION sql_mode = "";
SET SESSION sql_mode = "";
SET SESSION sql_mode = "";
SET SESSION sql_mode = "";
SET SESSION sql_mode = "";
SET SESSION sql_mode = "";
SET SESSION sql_mode = "";
SET SESSION sql_mode = "";
SET SESSION sql_mode = "";
SET SESSION sql_mode = "";
SET SESSION sql_mode = "";
SET SESSION sql_mode = "";
SET SESSION sql_mode = "";
SET SESSION sql_mode = "";
SET SESSION sql_mode = "";
SET SESSION sql_mode = "";
SET SESSION sql_mode = "";
SET SESSION sql_mode = "";
SET SESSION sql_mode = "";
SET SESSION sql_mode = "";
SET SESSION sql_mode = "";
SET SESSION sql_mode = "";
SET SESSION sql_mode = "";
SET SESSION sql_mode = "";
SET SESSION sql_mode = "";
SET SESSION sql_mode = "";
SET SESSION sql_mode = "";
SET SESSION sql_mode = "";
SET SESSION sql_mode = "";
SET SESSION sql_mode = "";
SET SESSION sql_mode = "";
SET SESSION sql_mode = "";
SET SESSION sql_mode = "";
SET SESSION sql_mode = "";
SET SESSION sql_mode = "";
SET SESSION sql_mode = "";
SET SESSION sql_mode = "";
SET SESSION sql_mode = "";
SET SESSION sql_mode = "";
SET SESSION sql_mode = "";
SET SESSION sql_mode = "";
SET SESSION sql_mode = "";
SET SESSION sql_mode = "";
SET SESSION sql_mode = "";
SET SESSION sql_mode = "";
SET SESSION sql_mode = "";
SET SESSION sql_mode = "";
SET SESSION sql_mode = "";
SET SESSION sql_mode = "";
SET SESSION sql_mode = "";
SET SESSION sql_mode = "";
SET SESSION sql_mode = "";
SET SESSION sql_mode = "";
SET SESSION sql_mode = "";
SET SESSION sql_mode = "";
SET SESSION sql_mode = "";
SET SESSION sql_mode = "";
SET SESSION sql_mode = "";
SET SESSION sql_mode = "";
SET SESSION sql_mode = "";
SET SESSION sql_mode = "";
SET SESSION sql_mode = "";
SET SESSION sql_mode = "";
SET SESSION sql_mode = "";
SET SESSION sql_mode = "";
SET SESSION sql_mode = "";
SET SESSION sql_mode = "";
SET SESSION sql_mode = "";
SET SESSION sql_mode = "";
SET SESSION sql_mode = "";
SET SESSION sql_mode = "";
SET SESSION sql_mode = "";
SET SESSION sql_mode = "";
SET SESSION sql_mode = "";
SET SESSION sql_mode = "";
SET SESSION sql_mode = "";
SET SESSION sql_mode = "";
SET SESSION sql_mode = "";
SET SESSION sql_mode = "";
SET SESSION sql_mode = "";
SET SESSION sql_mode = "";
SET SESSION sql_mode = "";
SET SESSION sql_mode = "";
SET SESSION sql_mode = "";
SET SESSION sql_mode = "";
SET SESSION sql_mode = "";
SET SESSION sql_mode = "";
SET SESSION sql_mode = "";
SET SESSION sql_mode = "";
SET SESSION sql_mode = "";
SET SESSION sql_mode = "";
SET SESSION sql_mode = "";
SET SESSION sql_mode = "";
SET SESSION sql_mode = "";
SET SESSION sql_mode = "";
SET SESSION sql_mode = "";
SET SESSION sql_mode = "";
SET SESSION sql_mode = "";
SET SESSION sql_mode = "";
SET SESSION sql_mode = "";
SET SESSION sql_mode = "";
SET SESSION sql_mode = "";
SET SESSION sql_mode = "";
SET SESSION sql_mode = "";
SET SESSION sql_mode = "";
SET SESSION sql_mode = "";
SET SESSION sql_mode = "";
SET SESSION sql_mode = "";
SET SESSION sql_mode = "";
SET SESSION sql_mode = "";
SET SESSION sql_mode = "";
SET SESSION sql_mode = "";
SET SESSION sql_mode = "";
SET SESSION sql_mode = "";
SET SESSION sql_mode = "";
SET SESSION sql_mode = "";
SET SESSION sql_mode = "";
SET SESSION sql_mode = "";
SET SESSION sql_mode = "";
SET SESSION sql_mode = "";
SET SESSION sql_mode = "";
SET SESSION sql_mode = "";
SET SESSION sql_mode = "";
SET SESSION sql_mode = "";
SET SESSION sql_mode = "";
SET SESSION sql_mode = "";
SET SESSION sql_mode = "";
SET SESSION sql_mode = "";
SET SESSION sql_mode = "";
SET SESSION sql_mode = "";
SET SESSION sql_mode = "";
SET SESSION sql_mode = "";
SET SESSION sql_mode = "";
SET SESSION sql_mode = "";
SET SESSION sql_mode = "";
SET SESSION sql_mode = "";
SET SESSION sql_mode = "";
SET SESSION sql_mode = "";
SET SESSION sql_mode = "";
SET SESSION sql_mode = "";
SET SESSION sql_mode = "";
SET SESSION sql_mode = "";
SET SESSION sql_mode = "";
SET SESSION sql_mode = "";
SET SESSION sql_mode = "";
SET SESSION sql_mode = "";
SET SESSION sql_mode = "";
SET SESSION sql_mode = "";
SET SESSION sql_mode = "";
SET SESSION sql_mode = "";
SET SESSION sql_mode = "";
SET SESSION sql_mode = "";
SET SESSION sql_mode = "";
SET SESSION sql_mode = "";
SET SESSION sql_mode = "";
SET SESSION sql_mode = "";
SET SESSION sql_mode = "";
SET SESSION sql_mode = "";
SET SESSION sql_mode = "";
SET SESSION sql_mode = "";
SET SESSION sql_mode = "";
SET SESSION sql_mode = "";
SET SESSION sql_mode = "";
SET SESSION sql_mode = "";
SET SESSION sql_mode = "";
SET SESSION sql_mode = "";
SET SESSION sql_mode = "";
SET SESSION sql_mode = "";
SET SESSION sql_mode = "";
SET SESSION sql_mode = "";
SET SESSION sql_mode = "";
SET SESSION sql_mode = "";
SET SESSION sql_mode = "";
SET SESSION sql_mode = "";
SET SESSION sql_mode = "";
SET SESSION sql_mode = "";
SET SESSION sql_mode = "";
SET SESSION sql_mode = "";
SET SESSION sql_mode = "";
SET SESSION sql_mode = "";
SET SESSION sql_mode = "";
SET SESSION sql_mode = "";
SET SESSION sql_mode = "";
SET SESSION sql_mode = "";
SET SESSION sql_mode = "";
SET SESSION sql_mode = "";
SET SESSION sql_mode = "";
SET SESSION sql_mode = "";
SET SESSION sql_mode = "";
SET SESSION sql_mode = "";
SET SESSION sql_mode = "";
SET SESSION sql_mode = "";
SET SESSION sql_mode = "";
SET SESSION sql_mode = "";
SET SESSION sql_mode = "";
SET SESSION sql_mode = "";
SET SESSION sql_mode = "";
SET SESSION sql_mode = "";
SET SESSION sql_mode = "";
SET SESSION sql_mode = "";
SET SESSION sql_mode = "";
SET SESSION sql_mode = "";
SET SESSION sql_mode = "";
SET SESSION sql_mode = "";
SET SESSION sql_mode = "";
SET SESSION sql_mode = "";
SET SESSION sql_mode = "";
SET SESSION sql_mode = "";
SET SESSION sql_mode = "";
SET SESSION sql_mode = "";
SET SESSION sql_mode = "";
SET SESSION sql_mode = "";
SET SESSION sql_mode = "";
SET SESSION sql_mode = "";
SET SESSION sql_mode = "";
SET SESSION sql_mode = "";
SET SESSION sql_mode = "";
SET SESSION sql_mode = "";
SET SESSION sql_mode = "";
SET SESSION sql_mode = "";
SET SESSION sql_mode = "";
SET SESSION sql_mode = "";
SET SESSION sql_mode = "";
SET SESSION sql_mode = "";
SET SESSION sql_mode = "";
SET SESSION sql_mode = "";
SET SESSION sql_mode = "";
SET SESSION sql_mode = "";
SET SESSION sql_mode = "";
SET SESSION sql_mode = "";
SET SESSION sql_mode = "";
SET SESSION sql_mode = "";
SET SESSION sql_mode = "";
SET SESSION sql_mode = "";
SET SESSION sql_mode = "";
SET SESSION sql_mode = "";
SET SESSION sql_mode = "";
SET SESSION sql_mode = "";
SET SESSION sql_mode = "";
SET SESSION sql_mode = "";
SET SESSION sql_mode = "";
SET SESSION sql_mode = "";
SET SESSION sql_mode = "";
SET SESSION sql_mode = "";
SET SESSION sql_mode = "";
SET SESSION sql_mode = "";
SET SESSION sql_mode = "";
SET SESSION sql_mode = "";
SET SESSION sql_mode = "";
SET SESSION sql_mode = "";
SET SESSION sql_mode = "";
SET SESSION sql_mode = "";
SET SESSION sql_mode = "";
SET SESSION sql_mode = "";
SET SESSION sql_mode = "";
SET SESSION sql_mode = "";
SET SESSION sql_mode = "";
SET SESSION sql_mode = "";
SET SESSION sql_mode = "";
SET SESSION sql_mode = "";
SET SESSION sql_mode = "";
SET SESSION sql_mode = "";
SET SESSION sql_mode = "";
SET SESSION sql_mode = "";
SET SESSION sql_mode = "";
SET SESSION sql_mode = "";
SET SESSION sql_mode = "";
SET SESSION sql_mode = "";
SET SESSION sql_mode = "";
SET SESSION sql_mode = "";
SET SESSION sql_mode = "";
SET SESSION sql_mode = "";
SET SESSION sql_mode = "";
SET SESSION sql_mode = "";
SET SESSION sql_mode = "";
SET SESSION sql_mode = "";
SET SESSION sql_mode = "";
SET SESSION sql_mode = "";
SET SESSION sql_mode = "";
SET SESSION sql_mode = "";
SET SESSION sql_mode = "";
SET SESSION sql_mode = "";
SET SESSION sql_mode = "";
SET SESSION sql_mode = "";
SET SESSION sql_mode = "";
SET SESSION sql_mode = "";
SET SESSION sql_mode = "";
SET SESSION sql_mode = "";
SET SESSION sql_mode = "";
SET SESSION sql_mode = "";
SET SESSION sql_mode = "";
SET SESSION sql_mode = "";
SET SESSION sql_mode = "";
SET SESSION sql_mode = "";
SET SESSION sql_mode = "";
SET SESSION sql_mode = "";
SET SESSION sql_mode = "";
SET SESSION sql_mode = "";
SET SESSION sql_mode = "";
SET SESSION sql_mode = "";
SET SESSION sql_mode = "";
SET SESSION sql_mode = "";
SET SESSION sql_mode = "";
SET SESSION sql_mode = "";
SET SESSION sql_mode = "";
SET SESSION sql_mode = "";
SET SESSION sql_mode = "";
SET SESSION sql_mode = "";
SET SESSION sql_mode = "";
SET SESSION sql_mode = "";
SET SESSION sql_mode = "";
SET SESSION sql_mode = "";
SET SESSION sql_mode = "";
SET SESSION sql_mode = "";
SET SESSION sql_mode = "";
SET SESSION sql_mode = "";
SET SESSION sql_mode = "";
SET SESSION sql_mode = "";
SET SESSION sql_mode = "";
SET SESSION sql_mode = "";
SET SESSION sql_mode = "";
SET SESSION sql_mode = "";
SET SESSION sql_mode = "";
SET SESSION sql_mode = "";
SET SESSION sql_mode = "";
SET SESSION sql_mode = "";
SET SESSION sql_mode = "";
SET SESSION sql_mode = "";
SET SESSION sql_mode = "";
SET SESSION sql_mode = "";
SET SESSION sql_mode = "";
SET SESSION sql_mode = "";
SET SESSION sql_mode = "";
SET SESSION sql_mode = "";
SET SESSION sql_mode = "";
SET SESSION sql_mode = "";
SET SESSION sql_mode = "";
SET SESSION sql_mode = "";
SET SESSION sql_mode = "";
SET SESSION sql_mode = "";
SET SESSION sql_mode = "";
SET SESSION sql_mode = "";
SET SESSION sql_mode = "";
SET SESSION sql_mode = "";
SET SESSION sql_mode = "";
SET SESSION sql_mode = "";
SET SESSION sql_mode = "";
SET SESSION sql_mode = "";
SET SESSION sql_mode = "";
SET SESSION sql_mode = "";
SET SESSION sql_mode = "";
SET SESSION sql_mode = "";
SET SESSION sql_mode = "";
SET SESSION sql_mode = "";
SET SESSION sql_mode = "";
SET SESSION sql_mode = "";
SET SESSION sql_mode = "";
SET SESSION sql_mode = "";
SET SESSION sql_mode = "";
SET SESSION sql_mode = "";
SET SESSION sql_mode = "";
SET SESSION sql_mode = "";
SET SESSION sql_mode = "";
SET SESSION sql_mode = "";
SET SESSION sql_mode = "";
SET SESSION sql_mode = "";
SET SESSION sql_mode = "";
SET SESSION sql_mode = "";
SET SESSION sql_mode = "";
SET SESSION sql_mode = "";
SET SESSION sql_mode = "";
SET SESSION sql_mode = "";
SET SESSION sql_mode = "";
SET SESSION sql_mode = "";
SET SESSION sql_mode = "";
SET SESSION sql_mode = "";
SET SESSION sql_mode = "";
SET SESSION sql_mode = "";
SET SESSION sql_mode = "";
SET SESSION sql_mode = "";
SET SESSION sql_mode = "";
INSERT INTO `product_purchase` (`purchase_id`, `chalan_no`, `supplier_id`, `grand_total_amount`, `total_discount`, `invoice_discount`, `total_vat_amnt`, `purchase_date`, `purchase_details`, `paid_amount`, `due_amount`, `status`, `bank_id`, `payment_type`, `is_credit`) VALUES ('20230124221652', '123456789456', '1', '140000.00', '', '0.00', '0.00', '2023-01-24', '', '140000.00', '0', 1, NULL, 1, '');
INSERT INTO `acc_transaction` (`VNo`, `Vtype`, `VDate`, `COAID`, `Narration`, `Debit`, `Credit`, `IsPosted`, `CreateBy`, `CreateDate`, `IsAppove`) VALUES ('20230124221652', 'Purchase', '2023-01-24', 1141, 'Inventory Debit For Supplier Garuda Gold Factory', '140000.00', 0, 1, '1', '2023-01-24 22:16:52', 1);
INSERT INTO `acc_transaction` (`VNo`, `Vtype`, `VDate`, `COAID`, `Narration`, `Debit`, `Credit`, `IsPosted`, `CreateBy`, `CreateDate`, `IsAppove`) VALUES ('20230124221652', 'Purchase', '2023-01-24', '21110000001', 'Supplier .Garuda Gold Factory', 0, '140000.00', 1, '1', '2023-01-24', 1);
INSERT INTO `acc_transaction` (`VNo`, `Vtype`, `VDate`, `COAID`, `Narration`, `Debit`, `Credit`, `IsPosted`, `CreateBy`, `CreateDate`, `IsAppove`) VALUES ('20230124221652', 'Purchase', '2023-01-24', '21110000001', 'Supplier .Garuda Gold Factory', '140000.00', 0, 1, '1', '2023-01-24', 1);
INSERT INTO `acc_transaction` (`VNo`, `Vtype`, `VDate`, `COAID`, `Narration`, `Debit`, `Credit`, `IsPosted`, `CreateBy`, `CreateDate`, `IsAppove`) VALUES ('20230124221652', 'PurchasePayment', '2023-01-24', '111000001', 'Paid amount for Supplier  Garuda Gold Factory', 0, '140000.00', 1, '1', '2023-01-24 22:16:52', 1);
INSERT INTO `product_purchase_details` (`purchase_detail_id`, `purchase_id`, `product_id`, `prefix`, `serial_number`, `suffix`, `quantity`, `rate`, `batch_id`, `expiry_date`, `total_amount`, `discount`, `discount_amnt`, `vat_amnt_per`, `vat_amnt`, `status`) VALUES ('HHVEEPYXMLW7Q22', '20230124221652', '80857985', '808579', 0, '7985', '12', '10000', '1', '', '120000', '', '0', '0', '0', 1);
INSERT INTO `product_purchase_details` (`purchase_detail_id`, `purchase_id`, `product_id`, `prefix`, `serial_number`, `suffix`, `quantity`, `rate`, `batch_id`, `expiry_date`, `total_amount`, `discount`, `discount_amnt`, `vat_amnt_per`, `vat_amnt`, `status`) VALUES ('IJVXLLXC9D8TOLE', '20230124221652', 'GRDZXC020120200001AAA1', 'GRDZXC', 0, 'AAA1', '4', '5000', '1', '', '20000', '', '0', '0', '0', 1);
SET SESSION sql_mode = "";
SET SESSION sql_mode = "";
SET SESSION sql_mode = "";
SET SESSION sql_mode = "";
SET SESSION sql_mode = "";
SET SESSION sql_mode = "";
SET SESSION sql_mode = "";
SET SESSION sql_mode = "";
SET SESSION sql_mode = "";
SET SESSION sql_mode = "";
SET SESSION sql_mode = "";
SET SESSION sql_mode = "";
SET SESSION sql_mode = "";
SET SESSION sql_mode = "";
SET SESSION sql_mode = "";
INSERT INTO `product_purchase` (`purchase_id`, `chalan_no`, `supplier_id`, `grand_total_amount`, `total_discount`, `invoice_discount`, `total_vat_amnt`, `purchase_date`, `purchase_details`, `paid_amount`, `due_amount`, `status`, `bank_id`, `payment_type`, `is_credit`) VALUES ('20230124221929', '2435436', '1', '140000.00', '', '0.00', '0.00', '2023-01-24', '', '140000.00', '0', 1, NULL, 1, '');
INSERT INTO `acc_transaction` (`VNo`, `Vtype`, `VDate`, `COAID`, `Narration`, `Debit`, `Credit`, `IsPosted`, `CreateBy`, `CreateDate`, `IsAppove`) VALUES ('20230124221929', 'Purchase', '2023-01-24', 1141, 'Inventory Debit For Supplier Garuda Gold Factory', '140000.00', 0, 1, '1', '2023-01-24 22:19:29', 1);
INSERT INTO `acc_transaction` (`VNo`, `Vtype`, `VDate`, `COAID`, `Narration`, `Debit`, `Credit`, `IsPosted`, `CreateBy`, `CreateDate`, `IsAppove`) VALUES ('20230124221929', 'Purchase', '2023-01-24', '21110000001', 'Supplier .Garuda Gold Factory', 0, '140000.00', 1, '1', '2023-01-24', 1);
INSERT INTO `acc_transaction` (`VNo`, `Vtype`, `VDate`, `COAID`, `Narration`, `Debit`, `Credit`, `IsPosted`, `CreateBy`, `CreateDate`, `IsAppove`) VALUES ('20230124221929', 'Purchase', '2023-01-24', '21110000001', 'Supplier .Garuda Gold Factory', '140000.00', 0, 1, '1', '2023-01-24', 1);
INSERT INTO `acc_transaction` (`VNo`, `Vtype`, `VDate`, `COAID`, `Narration`, `Debit`, `Credit`, `IsPosted`, `CreateBy`, `CreateDate`, `IsAppove`) VALUES ('20230124221929', 'PurchasePayment', '2023-01-24', '111000001', 'Paid amount for Supplier  Garuda Gold Factory', 0, '140000.00', 1, '1', '2023-01-24 22:19:29', 1);
INSERT INTO `product_purchase_details` (`purchase_detail_id`, `purchase_id`, `product_id`, `prefix`, `serial_number`, `suffix`, `quantity`, `rate`, `batch_id`, `expiry_date`, `total_amount`, `discount`, `discount_amnt`, `vat_amnt_per`, `vat_amnt`, `status`) VALUES ('E459BO88GVI5T5Y', '20230124221929', '80857985', '808579', 1674598770, '7985', '12', '10000', '1', '', '120000', '', '0', '0', '0', 1);
INSERT INTO `product_purchase_details` (`purchase_detail_id`, `purchase_id`, `product_id`, `prefix`, `serial_number`, `suffix`, `quantity`, `rate`, `batch_id`, `expiry_date`, `total_amount`, `discount`, `discount_amnt`, `vat_amnt_per`, `vat_amnt`, `status`) VALUES ('B6BDYYJGWMN82UO', '20230124221929', 'GRDZXC020120200001AAA1', 'GRDZXC', 1674598771, 'AAA1', '4', '5000', '1', '', '20000', '', '0', '0', '0', 1);
SET SESSION sql_mode = "";
SET SESSION sql_mode = "";
SET SESSION sql_mode = "";
SET SESSION sql_mode = "";
SET SESSION sql_mode = "";
SET SESSION sql_mode = "";
SET SESSION sql_mode = "";
SET SESSION sql_mode = "";
SET SESSION sql_mode = "";
SET SESSION sql_mode = "";
SET SESSION sql_mode = "";
SET SESSION sql_mode = "";
SET SESSION sql_mode = "";
SET SESSION sql_mode = "";
SET SESSION sql_mode = "";
SET SESSION sql_mode = "";
SET SESSION sql_mode = "";
SET SESSION sql_mode = "";
SET SESSION sql_mode = "";
SET SESSION sql_mode = "";
SET SESSION sql_mode = "";
SET SESSION sql_mode = "";
SET SESSION sql_mode = "";
SET SESSION sql_mode = "";
SET SESSION sql_mode = "";
SET SESSION sql_mode = "";
SET SESSION sql_mode = "";
SET SESSION sql_mode = "";
SET SESSION sql_mode = "";
SET SESSION sql_mode = "";
SET SESSION sql_mode = "";
SET SESSION sql_mode = "";
SET SESSION sql_mode = "";
SET SESSION sql_mode = "";
SET SESSION sql_mode = "";
SET SESSION sql_mode = "";
INSERT INTO `product_purchase` (`purchase_id`, `chalan_no`, `supplier_id`, `grand_total_amount`, `total_discount`, `invoice_discount`, `total_vat_amnt`, `purchase_date`, `purchase_details`, `paid_amount`, `due_amount`, `status`, `bank_id`, `payment_type`, `is_credit`) VALUES ('20230124222341', '5753875389', '1', '70000.00', '', '0.00', '0.00', '2023-01-24', '', '70000.00', '0', 1, NULL, 1, '');
INSERT INTO `acc_transaction` (`VNo`, `Vtype`, `VDate`, `COAID`, `Narration`, `Debit`, `Credit`, `IsPosted`, `CreateBy`, `CreateDate`, `IsAppove`) VALUES ('20230124222341', 'Purchase', '2023-01-24', 1141, 'Inventory Debit For Supplier Garuda Gold Factory', '70000.00', 0, 1, '1', '2023-01-24 22:23:41', 1);
INSERT INTO `acc_transaction` (`VNo`, `Vtype`, `VDate`, `COAID`, `Narration`, `Debit`, `Credit`, `IsPosted`, `CreateBy`, `CreateDate`, `IsAppove`) VALUES ('20230124222341', 'Purchase', '2023-01-24', '21110000001', 'Supplier .Garuda Gold Factory', 0, '70000.00', 1, '1', '2023-01-24', 1);
INSERT INTO `acc_transaction` (`VNo`, `Vtype`, `VDate`, `COAID`, `Narration`, `Debit`, `Credit`, `IsPosted`, `CreateBy`, `CreateDate`, `IsAppove`) VALUES ('20230124222341', 'Purchase', '2023-01-24', '21110000001', 'Supplier .Garuda Gold Factory', '70000.00', 0, 1, '1', '2023-01-24', 1);
INSERT INTO `acc_transaction` (`VNo`, `Vtype`, `VDate`, `COAID`, `Narration`, `Debit`, `Credit`, `IsPosted`, `CreateBy`, `CreateDate`, `IsAppove`) VALUES ('20230124222341', 'PurchasePayment', '2023-01-24', '111000001', 'Paid amount for Supplier  Garuda Gold Factory', 0, '70000.00', 1, '1', '2023-01-24 22:23:41', 1);
INSERT INTO `product_purchase_details` (`purchase_detail_id`, `purchase_id`, `product_id`, `prefix`, `serial_number`, `suffix`, `quantity`, `rate`, `batch_id`, `expiry_date`, `total_amount`, `discount`, `discount_amnt`, `vat_amnt_per`, `vat_amnt`, `status`) VALUES ('1D1UZ2JC3OSBCL9', '20230124222341', 'GRDZXC020120200001AAA1', 'GRDZXC', 1674599022, 'AAA1', '10', '5000', '1', '', '50000', '', '0', '0', '0', 1);
INSERT INTO `product_purchase_details` (`purchase_detail_id`, `purchase_id`, `product_id`, `prefix`, `serial_number`, `suffix`, `quantity`, `rate`, `batch_id`, `expiry_date`, `total_amount`, `discount`, `discount_amnt`, `vat_amnt_per`, `vat_amnt`, `status`) VALUES ('PNO64E2RXYFDBUT', '20230124222341', '80857985', '808579', 1674599023, '7985', '2', '10000', '1', '', '20000', '', '0', '0', '0', 1);
SET SESSION sql_mode = "";
SET SESSION sql_mode = "";
SET SESSION sql_mode = "";
SET SESSION sql_mode = "";
SET SESSION sql_mode = "";
SET SESSION sql_mode = "";
SET SESSION sql_mode = "";
SET SESSION sql_mode = "";
SET SESSION sql_mode = "";
SET SESSION sql_mode = "";
SET SESSION sql_mode = "";
SET SESSION sql_mode = "";
SET SESSION sql_mode = "";
SET SESSION sql_mode = "";
SET SESSION sql_mode = "";
SET SESSION sql_mode = "";
SET SESSION sql_mode = "";
SET SESSION sql_mode = "";
SET SESSION sql_mode = "";
SET SESSION sql_mode = "";
SET SESSION sql_mode = "";
SET SESSION sql_mode = "";
SET SESSION sql_mode = "";
SET SESSION sql_mode = "";
SET SESSION sql_mode = "";
SET SESSION sql_mode = "";
SET SESSION sql_mode = "";
SET SESSION sql_mode = "";
SET SESSION sql_mode = "";
SET SESSION sql_mode = "";
SET SESSION sql_mode = "";
SET SESSION sql_mode = "";
SET SESSION sql_mode = "";
SET SESSION sql_mode = "";
SET SESSION sql_mode = "";
INSERT INTO `product_purchase` (`purchase_id`, `chalan_no`, `supplier_id`, `grand_total_amount`, `total_discount`, `invoice_discount`, `total_vat_amnt`, `purchase_date`, `purchase_details`, `paid_amount`, `due_amount`, `status`, `bank_id`, `payment_type`, `is_credit`) VALUES ('20230125144124', '08979879088', '1', '50000.00', '', '0.00', '0.00', '2023-01-25', '', '50000.00', '0', 1, NULL, 1, '');
INSERT INTO `acc_transaction` (`VNo`, `Vtype`, `VDate`, `COAID`, `Narration`, `Debit`, `Credit`, `IsPosted`, `CreateBy`, `CreateDate`, `IsAppove`) VALUES ('20230125144124', 'Purchase', '2023-01-25', 1141, 'Inventory Debit For Supplier Garuda Gold Factory', '50000.00', 0, 1, '1', '2023-01-25 14:41:24', 1);
INSERT INTO `acc_transaction` (`VNo`, `Vtype`, `VDate`, `COAID`, `Narration`, `Debit`, `Credit`, `IsPosted`, `CreateBy`, `CreateDate`, `IsAppove`) VALUES ('20230125144124', 'Purchase', '2023-01-25', '21110000001', 'Supplier .Garuda Gold Factory', 0, '50000.00', 1, '1', '2023-01-25', 1);
INSERT INTO `acc_transaction` (`VNo`, `Vtype`, `VDate`, `COAID`, `Narration`, `Debit`, `Credit`, `IsPosted`, `CreateBy`, `CreateDate`, `IsAppove`) VALUES ('20230125144124', 'Purchase', '2023-01-25', '21110000001', 'Supplier .Garuda Gold Factory', '50000.00', 0, 1, '1', '2023-01-25', 1);
INSERT INTO `acc_transaction` (`VNo`, `Vtype`, `VDate`, `COAID`, `Narration`, `Debit`, `Credit`, `IsPosted`, `CreateBy`, `CreateDate`, `IsAppove`) VALUES ('20230125144124', 'PurchasePayment', '2023-01-25', '111000001', 'Paid amount for Supplier  Garuda Gold Factory', 0, '50000.00', 1, '1', '2023-01-25 14:41:24', 1);
INSERT INTO `product_purchase_details` (`purchase_detail_id`, `purchase_id`, `product_id`, `prefix`, `serial_number`, `suffix`, `quantity`, `rate`, `batch_id`, `expiry_date`, `total_amount`, `discount`, `discount_amnt`, `vat_amnt_per`, `vat_amnt`, `status`) VALUES ('S6B1G962IB2ESJW', '20230125144124', 'GRDZXC020120200001AAA1', 'GRDZXC', 1674657685, 'AAA1', '10', '5000', '1', '', '50000', '', '0', '0', '0', 1);
INSERT INTO `batch_items` (`detail_id`, `prefix`, `product_id`, `serial_number`, `suffix`) VALUES ('S6B1G962IB2ESJW','GRDZXC','GRDZXC020120200001AAA1',1674657685,'AAA1'), ('S6B1G962IB2ESJW','GRDZXC','GRDZXC020120200001AAA1',1674657685,'AAA1'), ('S6B1G962IB2ESJW','GRDZXC','GRDZXC020120200001AAA1',1674657685,'AAA1'), ('S6B1G962IB2ESJW','GRDZXC','GRDZXC020120200001AAA1',1674657685,'AAA1'), ('S6B1G962IB2ESJW','GRDZXC','GRDZXC020120200001AAA1',1674657685,'AAA1'), ('S6B1G962IB2ESJW','GRDZXC','GRDZXC020120200001AAA1',1674657685,'AAA1'), ('S6B1G962IB2ESJW','GRDZXC','GRDZXC020120200001AAA1',1674657685,'AAA1'), ('S6B1G962IB2ESJW','GRDZXC','GRDZXC020120200001AAA1',1674657685,'AAA1'), ('S6B1G962IB2ESJW','GRDZXC','GRDZXC020120200001AAA1',1674657685,'AAA1'), ('S6B1G962IB2ESJW','GRDZXC','GRDZXC020120200001AAA1',1674657685,'AAA1');
SET SESSION sql_mode = "";
SET SESSION sql_mode = "";
SET SESSION sql_mode = "";
SET SESSION sql_mode = "";
SET SESSION sql_mode = "";
SET SESSION sql_mode = "";
SET SESSION sql_mode = "";
SET SESSION sql_mode = "";
INSERT INTO `product_purchase` (`purchase_id`, `chalan_no`, `supplier_id`, `grand_total_amount`, `total_discount`, `invoice_discount`, `total_vat_amnt`, `purchase_date`, `purchase_details`, `paid_amount`, `due_amount`, `status`, `bank_id`, `payment_type`, `is_credit`) VALUES ('20230125144937', '64393779098', '1', '50000.00', '', '0.00', '0.00', '2023-01-25', '', '50000.00', '0', 1, NULL, 1, '');
INSERT INTO `acc_transaction` (`VNo`, `Vtype`, `VDate`, `COAID`, `Narration`, `Debit`, `Credit`, `IsPosted`, `CreateBy`, `CreateDate`, `IsAppove`) VALUES ('20230125144937', 'Purchase', '2023-01-25', 1141, 'Inventory Debit For Supplier Garuda Gold Factory', '50000.00', 0, 1, '1', '2023-01-25 14:49:37', 1);
INSERT INTO `acc_transaction` (`VNo`, `Vtype`, `VDate`, `COAID`, `Narration`, `Debit`, `Credit`, `IsPosted`, `CreateBy`, `CreateDate`, `IsAppove`) VALUES ('20230125144937', 'Purchase', '2023-01-25', '21110000001', 'Supplier .Garuda Gold Factory', 0, '50000.00', 1, '1', '2023-01-25', 1);
INSERT INTO `acc_transaction` (`VNo`, `Vtype`, `VDate`, `COAID`, `Narration`, `Debit`, `Credit`, `IsPosted`, `CreateBy`, `CreateDate`, `IsAppove`) VALUES ('20230125144937', 'Purchase', '2023-01-25', '21110000001', 'Supplier .Garuda Gold Factory', '50000.00', 0, 1, '1', '2023-01-25', 1);
INSERT INTO `acc_transaction` (`VNo`, `Vtype`, `VDate`, `COAID`, `Narration`, `Debit`, `Credit`, `IsPosted`, `CreateBy`, `CreateDate`, `IsAppove`) VALUES ('20230125144937', 'PurchasePayment', '2023-01-25', '111000001', 'Paid amount for Supplier  Garuda Gold Factory', 0, '50000.00', 1, '1', '2023-01-25 14:49:37', 1);
INSERT INTO `product_purchase_details` (`purchase_detail_id`, `purchase_id`, `product_id`, `prefix`, `serial_number`, `suffix`, `quantity`, `rate`, `batch_id`, `expiry_date`, `total_amount`, `discount`, `discount_amnt`, `vat_amnt_per`, `vat_amnt`, `status`) VALUES ('W56Y6LU692ARD4C', '20230125144937', '80857985', '808579', 1674658178, '7985', '5', '10000', '1', '', '50000', '', '0', '0', '0', 1);
INSERT INTO `batch_items` (`detail_id`, `prefix`, `product_id`, `serial_number`, `suffix`) VALUES ('W56Y6LU692ARD4C','808579','80857985',1674658178,'7985'), ('W56Y6LU692ARD4C','808579','80857985',1674658179,'7985'), ('W56Y6LU692ARD4C','808579','80857985',1674658180,'7985'), ('W56Y6LU692ARD4C','808579','80857985',1674658181,'7985'), ('W56Y6LU692ARD4C','808579','80857985',1674658182,'7985');
SET SESSION sql_mode = "";
SET SESSION sql_mode = "";
SET SESSION sql_mode = "";
SET SESSION sql_mode = "";
SET SESSION sql_mode = "";
SET SESSION sql_mode = "";
SET SESSION sql_mode = "";
SET SESSION sql_mode = "";
SET SESSION sql_mode = "";
SET SESSION sql_mode = "";
SET SESSION sql_mode = "";
SET SESSION sql_mode = "";
SET SESSION sql_mode = "";
SET SESSION sql_mode = "";
SET SESSION sql_mode = "";
SET SESSION sql_mode = "";
SET SESSION sql_mode = "";
SET SESSION sql_mode = "";
SET SESSION sql_mode = "";
SET SESSION sql_mode = "";
SET SESSION sql_mode = "";
SET SESSION sql_mode = "";
SET SESSION sql_mode = "";
SET SESSION sql_mode = "";
SET SESSION sql_mode = "";
SET SESSION sql_mode = "";
SET SESSION sql_mode = "";
SET SESSION sql_mode = "";
SET SESSION sql_mode = "";
SET SESSION sql_mode = "";
SET SESSION sql_mode = "";
SET SESSION sql_mode = "";
SET SESSION sql_mode = "";
SET SESSION sql_mode = "";
SET SESSION sql_mode = "";
SET SESSION sql_mode = "";
SET SESSION sql_mode = "";
SET SESSION sql_mode = "";
SET SESSION sql_mode = "";
SET SESSION sql_mode = "";
SET SESSION sql_mode = "";
SET SESSION sql_mode = "";
SET SESSION sql_mode = "";
SET SESSION sql_mode = "";
SET SESSION sql_mode = "";
INSERT INTO `product_purchase` (`purchase_id`, `chalan_no`, `supplier_id`, `grand_total_amount`, `total_discount`, `invoice_discount`, `total_vat_amnt`, `purchase_date`, `purchase_details`, `paid_amount`, `due_amount`, `status`, `bank_id`, `payment_type`, `is_credit`) VALUES ('20230125223939', '326278278', '1', '60000.00', '', '0.00', '0.00', '2023-01-25', '', '60000.00', '0', 1, NULL, 1, '');
INSERT INTO `acc_transaction` (`VNo`, `Vtype`, `VDate`, `COAID`, `Narration`, `Debit`, `Credit`, `IsPosted`, `CreateBy`, `CreateDate`, `IsAppove`) VALUES ('20230125223939', 'Purchase', '2023-01-25', 1141, 'Inventory Debit For Supplier Garuda Gold Factory', '60000.00', 0, 1, '1', '2023-01-25 22:39:39', 1);
INSERT INTO `acc_transaction` (`VNo`, `Vtype`, `VDate`, `COAID`, `Narration`, `Debit`, `Credit`, `IsPosted`, `CreateBy`, `CreateDate`, `IsAppove`) VALUES ('20230125223939', 'Purchase', '2023-01-25', '21110000001', 'Supplier .Garuda Gold Factory', 0, '60000.00', 1, '1', '2023-01-25', 1);
INSERT INTO `acc_transaction` (`VNo`, `Vtype`, `VDate`, `COAID`, `Narration`, `Debit`, `Credit`, `IsPosted`, `CreateBy`, `CreateDate`, `IsAppove`) VALUES ('20230125223939', 'Purchase', '2023-01-25', '21110000001', 'Supplier .Garuda Gold Factory', '60000.00', 0, 1, '1', '2023-01-25', 1);
INSERT INTO `acc_transaction` (`VNo`, `Vtype`, `VDate`, `COAID`, `Narration`, `Debit`, `Credit`, `IsPosted`, `CreateBy`, `CreateDate`, `IsAppove`) VALUES ('20230125223939', 'PurchasePayment', '2023-01-25', '111000001', 'Paid amount for Supplier  Garuda Gold Factory', 0, '60000.00', 1, '1', '2023-01-25 22:39:39', 1);
INSERT INTO `product_purchase_details` (`purchase_detail_id`, `purchase_id`, `product_id`, `quantity`, `rate`, `batch_id`, `expiry_date`, `total_amount`, `discount`, `discount_amnt`, `vat_amnt_per`, `vat_amnt`, `status`) VALUES ('J7RFRM49X7O1FAN', '20230125223939', '80857985', '5', '10000', '1', '', '50000', '', '0', '0', '0', 1);
INSERT INTO `batch_items` (`detail_id`, `prefix`, `product_id`, `serial_number`, `suffix`) VALUES ('J7RFRM49X7O1FAN','808579','80857985',1674686380,'7985'), ('J7RFRM49X7O1FAN','808579','80857985',1674686381,'7985'), ('J7RFRM49X7O1FAN','808579','80857985',1674686382,'7985'), ('J7RFRM49X7O1FAN','808579','80857985',1674686383,'7985'), ('J7RFRM49X7O1FAN','808579','80857985',1674686384,'7985');
INSERT INTO `product_purchase_details` (`purchase_detail_id`, `purchase_id`, `product_id`, `quantity`, `rate`, `batch_id`, `expiry_date`, `total_amount`, `discount`, `discount_amnt`, `vat_amnt_per`, `vat_amnt`, `status`) VALUES ('N9BFBHTAZONU256', '20230125223939', 'GRDZXC020120200001AAA1', '2', '5000', '1', '', '10000', '', '0', '0', '0', 1);
INSERT INTO `batch_items` (`detail_id`, `prefix`, `product_id`, `serial_number`, `suffix`) VALUES ('N9BFBHTAZONU256','GRDZXC','GRDZXC020120200001AAA1',1674686380,'AAA1'), ('N9BFBHTAZONU256','GRDZXC','GRDZXC020120200001AAA1',1674686381,'AAA1');
SET SESSION sql_mode = "";
SET SESSION sql_mode = "";
SET SESSION sql_mode = "";
SET SESSION sql_mode = "";
SET SESSION sql_mode = "";
SET SESSION sql_mode = "";
SET SESSION sql_mode = "";
SET SESSION sql_mode = "";
SET SESSION sql_mode = "";
SET SESSION sql_mode = "";
SET SESSION sql_mode = "";
SET SESSION sql_mode = "";
SET SESSION sql_mode = "";
SET SESSION sql_mode = "";
SET SESSION sql_mode = "";
SET SESSION sql_mode = "";
SET SESSION sql_mode = "";
SET SESSION sql_mode = "";
SET SESSION sql_mode = "";
SET SESSION sql_mode = "";
SET SESSION sql_mode = "";
SET SESSION sql_mode = "";
SET SESSION sql_mode = "";
SET SESSION sql_mode = "";
SET SESSION sql_mode = "";
SET SESSION sql_mode = "";
SET SESSION sql_mode = "";
SET SESSION sql_mode = "";
SET SESSION sql_mode = "";
SET SESSION sql_mode = "";
SET SESSION sql_mode = "";
SET SESSION sql_mode = "";
SET SESSION sql_mode = "";
SET SESSION sql_mode = "";
SET SESSION sql_mode = "";
SET SESSION sql_mode = "";
SET SESSION sql_mode = "";
SET SESSION sql_mode = "";
SET SESSION sql_mode = "";
SET SESSION sql_mode = "";
SET SESSION sql_mode = "";
SET SESSION sql_mode = "";
SET SESSION sql_mode = "";
SET SESSION sql_mode = "";
SET SESSION sql_mode = "";
SET SESSION sql_mode = "";
SET SESSION sql_mode = "";
SET SESSION sql_mode = "";
SET SESSION sql_mode = "";
SET SESSION sql_mode = "";
SET SESSION sql_mode = "";
SET SESSION sql_mode = "";
SET SESSION sql_mode = "";
SET SESSION sql_mode = "";
SET SESSION sql_mode = "";
SET SESSION sql_mode = "";
SET SESSION sql_mode = "";
SET SESSION sql_mode = "";
SET SESSION sql_mode = "";
SET SESSION sql_mode = "";
SET SESSION sql_mode = "";
SET SESSION sql_mode = "";
SET SESSION sql_mode = "";
SET SESSION sql_mode = "";
SET SESSION sql_mode = "";
SET SESSION sql_mode = "";
SET SESSION sql_mode = "";
SET SESSION sql_mode = "";
SET SESSION sql_mode = "";
SET SESSION sql_mode = "";
SET SESSION sql_mode = "";
SET SESSION sql_mode = "";
SET SESSION sql_mode = "";
SET SESSION sql_mode = "";
SET SESSION sql_mode = "";
SET SESSION sql_mode = "";
SET SESSION sql_mode = "";
SET SESSION sql_mode = "";
SET SESSION sql_mode = "";
SET SESSION sql_mode = "";
SET SESSION sql_mode = "";
SET SESSION sql_mode = "";
SET SESSION sql_mode = "";
SET SESSION sql_mode = "";
SET SESSION sql_mode = "";
SET SESSION sql_mode = "";
SET SESSION sql_mode = "";
SET SESSION sql_mode = "";
SET SESSION sql_mode = "";
SET SESSION sql_mode = "";
SET SESSION sql_mode = "";
SET SESSION sql_mode = "";
SET SESSION sql_mode = "";
SET SESSION sql_mode = "";
SET SESSION sql_mode = "";
SET SESSION sql_mode = "";
SET SESSION sql_mode = "";
SET SESSION sql_mode = "";
SET SESSION sql_mode = "";
SET SESSION sql_mode = "";
SET SESSION sql_mode = "";
SET SESSION sql_mode = "";
SET SESSION sql_mode = "";
SET SESSION sql_mode = "";
SET SESSION sql_mode = "";
SET SESSION sql_mode = "";
SET SESSION sql_mode = "";
SET SESSION sql_mode = "";
SET SESSION sql_mode = "";
SET SESSION sql_mode = "";
SET SESSION sql_mode = "";
SET SESSION sql_mode = "";
SET SESSION sql_mode = "";
SET SESSION sql_mode = "";
SET SESSION sql_mode = "";
SET SESSION sql_mode = "";
SET SESSION sql_mode = "";
SET SESSION sql_mode = "";
SET SESSION sql_mode = "";
SET SESSION sql_mode = "";
SET SESSION sql_mode = "";
SET SESSION sql_mode = "";
SET SESSION sql_mode = "";
SET SESSION sql_mode = "";
SET SESSION sql_mode = "";
SET SESSION sql_mode = "";
SET SESSION sql_mode = "";
SET SESSION sql_mode = "";
SET SESSION sql_mode = "";
SET SESSION sql_mode = "";
SET SESSION sql_mode = "";
SET SESSION sql_mode = "";
SET SESSION sql_mode = "";
SET SESSION sql_mode = "";
SET SESSION sql_mode = "";
SET SESSION sql_mode = "";
SET SESSION sql_mode = "";
SET SESSION sql_mode = "";
SET SESSION sql_mode = "";
SET SESSION sql_mode = "";
SET SESSION sql_mode = "";
SET SESSION sql_mode = "";
SET SESSION sql_mode = "";
SET SESSION sql_mode = "";
SET SESSION sql_mode = "";
SET SESSION sql_mode = "";
SET SESSION sql_mode = "";
SET SESSION sql_mode = "";
SET SESSION sql_mode = "";
SET SESSION sql_mode = "";
SET SESSION sql_mode = "";
SET SESSION sql_mode = "";
SET SESSION sql_mode = "";
SET SESSION sql_mode = "";
SET SESSION sql_mode = "";
SET SESSION sql_mode = "";
SET SESSION sql_mode = "";
SET SESSION sql_mode = "";
SET SESSION sql_mode = "";
SET SESSION sql_mode = "";
SET SESSION sql_mode = "";
SET SESSION sql_mode = "";
SET SESSION sql_mode = "";
SET SESSION sql_mode = "";
SET SESSION sql_mode = "";
SET SESSION sql_mode = "";
SET SESSION sql_mode = "";
SET SESSION sql_mode = "";
SET SESSION sql_mode = "";
SET SESSION sql_mode = "";
SET SESSION sql_mode = "";
SET SESSION sql_mode = "";
SET SESSION sql_mode = "";
SET SESSION sql_mode = "";
SET SESSION sql_mode = "";
SET SESSION sql_mode = "";
SET SESSION sql_mode = "";
SET SESSION sql_mode = "";
SET SESSION sql_mode = "";
SET SESSION sql_mode = "";
SET SESSION sql_mode = "";
SET SESSION sql_mode = "";
SET SESSION sql_mode = "";
SET SESSION sql_mode = "";
SET SESSION sql_mode = "";
SET SESSION sql_mode = "";
SET SESSION sql_mode = "";
SET SESSION sql_mode = "";
SET SESSION sql_mode = "";
SET SESSION sql_mode = "";
SET SESSION sql_mode = "";
SET SESSION sql_mode = "";
SET SESSION sql_mode = "";
SET SESSION sql_mode = "";
SET SESSION sql_mode = "";
SET SESSION sql_mode = "";
SET SESSION sql_mode = "";
SET SESSION sql_mode = "";
SET SESSION sql_mode = "";
SET SESSION sql_mode = "";
SET SESSION sql_mode = "";
SET SESSION sql_mode = "";
SET SESSION sql_mode = "";
SET SESSION sql_mode = "";
SET SESSION sql_mode = "";
SET SESSION sql_mode = "";
SET SESSION sql_mode = "";
SET SESSION sql_mode = "";
SET SESSION sql_mode = "";
SET SESSION sql_mode = "";
SET SESSION sql_mode = "";
SET SESSION sql_mode = "";
SET SESSION sql_mode = "";
SET SESSION sql_mode = "";
SET SESSION sql_mode = "";
SET SESSION sql_mode = "";
SET SESSION sql_mode = "";
SET SESSION sql_mode = "";
SET SESSION sql_mode = "";
SET SESSION sql_mode = "";
SET SESSION sql_mode = "";
SET SESSION sql_mode = "";
SET SESSION sql_mode = "";
SET SESSION sql_mode = "";
SET SESSION sql_mode = "";
SET SESSION sql_mode = "";
SET SESSION sql_mode = "";
SET SESSION sql_mode = "";
SET SESSION sql_mode = "";
SET SESSION sql_mode = "";
SET SESSION sql_mode = "";
SET SESSION sql_mode = "";
SET SESSION sql_mode = "";
SET SESSION sql_mode = "";
SET SESSION sql_mode = "";
SET SESSION sql_mode = "";
SET SESSION sql_mode = "";
SET SESSION sql_mode = "";
SET SESSION sql_mode = "";
SET SESSION sql_mode = "";
SET SESSION sql_mode = "";
SET SESSION sql_mode = "";
SET SESSION sql_mode = "";
SET SESSION sql_mode = "";
SET SESSION sql_mode = "";
SET SESSION sql_mode = "";
SET SESSION sql_mode = "";
SET SESSION sql_mode = "";
SET SESSION sql_mode = "";
SET SESSION sql_mode = "";
SET SESSION sql_mode = "";
SET SESSION sql_mode = "";
SET SESSION sql_mode = "";
SET SESSION sql_mode = "";
SET SESSION sql_mode = "";
SET SESSION sql_mode = "";
SET SESSION sql_mode = "";
SET SESSION sql_mode = "";
SET SESSION sql_mode = "";
SET SESSION sql_mode = "";
SET SESSION sql_mode = "";
SET SESSION sql_mode = "";
SET SESSION sql_mode = "";
SET SESSION sql_mode = "";
SET SESSION sql_mode = "";
SET SESSION sql_mode = "";
SET SESSION sql_mode = "";
SET SESSION sql_mode = "";
SET SESSION sql_mode = "";
SET SESSION sql_mode = "";
SET SESSION sql_mode = "";
SET SESSION sql_mode = "";
SET SESSION sql_mode = "";
SET SESSION sql_mode = "";
SET SESSION sql_mode = "";
SET SESSION sql_mode = "";
SET SESSION sql_mode = "";
SET SESSION sql_mode = "";
SET SESSION sql_mode = "";
SET SESSION sql_mode = "";
SET SESSION sql_mode = "";
SET SESSION sql_mode = "";
SET SESSION sql_mode = "";
SET SESSION sql_mode = "";
SET SESSION sql_mode = "";
SET SESSION sql_mode = "";
SET SESSION sql_mode = "";
SET SESSION sql_mode = "";
SET SESSION sql_mode = "";
SET SESSION sql_mode = "";
SET SESSION sql_mode = "";
SET SESSION sql_mode = "";
SET SESSION sql_mode = "";
SET SESSION sql_mode = "";
SET SESSION sql_mode = "";
SET SESSION sql_mode = "";
SET SESSION sql_mode = "";
SET SESSION sql_mode = "";
SET SESSION sql_mode = "";
SET SESSION sql_mode = "";
SET SESSION sql_mode = "";
SET SESSION sql_mode = "";
SET SESSION sql_mode = "";
SET SESSION sql_mode = "";
SET SESSION sql_mode = "";
SET SESSION sql_mode = "";
SET SESSION sql_mode = "";
SET SESSION sql_mode = "";
SET SESSION sql_mode = "";
SET SESSION sql_mode = "";
SET SESSION sql_mode = "";
SET SESSION sql_mode = "";
SET SESSION sql_mode = "";
SET SESSION sql_mode = "";
SET SESSION sql_mode = "";
SET SESSION sql_mode = "";
SET SESSION sql_mode = "";
SET SESSION sql_mode = "";
SET SESSION sql_mode = "";
SET SESSION sql_mode = "";
SET SESSION sql_mode = "";
SET SESSION sql_mode = "";
SET SESSION sql_mode = "";
SET SESSION sql_mode = "";
SET SESSION sql_mode = "";
SET SESSION sql_mode = "";
SET SESSION sql_mode = "";
SET SESSION sql_mode = "";
SET SESSION sql_mode = "";
SET SESSION sql_mode = "";
SET SESSION sql_mode = "";
SET SESSION sql_mode = "";
SET SESSION sql_mode = "";
SET SESSION sql_mode = "";
                                                                                                                SET SESSION sql_mode = "";
SET SESSION sql_mode = "";
                                                        SET SESSION sql_mode = "";
SET SESSION sql_mode = "";
SET SESSION sql_mode = "";
SET SESSION sql_mode = "";
SET SESSION sql_mode = "";
SET SESSION sql_mode = "";
SET SESSION sql_mode = "";
SET SESSION sql_mode = "";
SET SESSION sql_mode = "";
SET SESSION sql_mode = "";
SET SESSION sql_mode = "";
SET SESSION sql_mode = "";
SET SESSION sql_mode = "";
SET SESSION sql_mode = "";
SET SESSION sql_mode = "";
SET SESSION sql_mode = "";
SET SESSION sql_mode = "";
SET SESSION sql_mode = "";
SET SESSION sql_mode = "";
SET SESSION sql_mode = "";
SET SESSION sql_mode = "";
SET SESSION sql_mode = "";
SET SESSION sql_mode = "";
SET SESSION sql_mode = "";
SET SESSION sql_mode = "";
SET SESSION sql_mode = "";
SET SESSION sql_mode = "";
SET SESSION sql_mode = "";
SET SESSION sql_mode = "";
SET SESSION sql_mode = "";
SET SESSION sql_mode = "";
SET SESSION sql_mode = "";
SET SESSION sql_mode = "";
SET SESSION sql_mode = "";
SET SESSION sql_mode = "";
SET SESSION sql_mode = "";
SET SESSION sql_mode = "";
SET SESSION sql_mode = "";
SET SESSION sql_mode = "";
SET SESSION sql_mode = "";
SET SESSION sql_mode = "";
SET SESSION sql_mode = "";
SET SESSION sql_mode = "";
SET SESSION sql_mode = "";
SET SESSION sql_mode = "";
SET SESSION sql_mode = "";
SET SESSION sql_mode = "";
SET SESSION sql_mode = "";
SET SESSION sql_mode = "";
SET SESSION sql_mode = "";
SET SESSION sql_mode = "";
SET SESSION sql_mode = "";
SET SESSION sql_mode = "";
SET SESSION sql_mode = "";
SET SESSION sql_mode = "";
SET SESSION sql_mode = "";
SET SESSION sql_mode = "";
SET SESSION sql_mode = "";
SET SESSION sql_mode = "";
SET SESSION sql_mode = "";
SET SESSION sql_mode = "";
SET SESSION sql_mode = "";
SET SESSION sql_mode = "";
SET SESSION sql_mode = "";
SET SESSION sql_mode = "";
SET SESSION sql_mode = "";
SET SESSION sql_mode = "";
SET SESSION sql_mode = "";
SET SESSION sql_mode = "";
SET SESSION sql_mode = "";
SET SESSION sql_mode = "";
SET SESSION sql_mode = "";
SET SESSION sql_mode = "";
SET SESSION sql_mode = "";
SET SESSION sql_mode = "";
SET SESSION sql_mode = "";
SET SESSION sql_mode = "";
SET SESSION sql_mode = "";
SET SESSION sql_mode = "";
SET SESSION sql_mode = "";
SET SESSION sql_mode = "";
SET SESSION sql_mode = "";
SET SESSION sql_mode = "";
SET SESSION sql_mode = "";
SET SESSION sql_mode = "";
SET SESSION sql_mode = "";
SET SESSION sql_mode = "";
SET SESSION sql_mode = "";
SET SESSION sql_mode = "";
SET SESSION sql_mode = "";
SET SESSION sql_mode = "";
SET SESSION sql_mode = "";
SET SESSION sql_mode = "";
SET SESSION sql_mode = "";
SET SESSION sql_mode = "";
SET SESSION sql_mode = "";
SET SESSION sql_mode = "";
SET SESSION sql_mode = "";
SET SESSION sql_mode = "";
SET SESSION sql_mode = "";
SET SESSION sql_mode = "";
SET SESSION sql_mode = "";
SET SESSION sql_mode = "";
SET SESSION sql_mode = "";
SET SESSION sql_mode = "";
SET SESSION sql_mode = "";
SET SESSION sql_mode = "";
SET SESSION sql_mode = "";
SET SESSION sql_mode = "";
SET SESSION sql_mode = "";
SET SESSION sql_mode = "";
SET SESSION sql_mode = "";
SET SESSION sql_mode = "";
SET SESSION sql_mode = "";
SET SESSION sql_mode = "";
SET SESSION sql_mode = "";
SET SESSION sql_mode = "";
SET SESSION sql_mode = "";
SET SESSION sql_mode = "";
SET SESSION sql_mode = "";
SET SESSION sql_mode = "";
SET SESSION sql_mode = "";
SET SESSION sql_mode = "";
SET SESSION sql_mode = "";
SET SESSION sql_mode = "";
SET SESSION sql_mode = "";
SET SESSION sql_mode = "";
SET SESSION sql_mode = "";
SET SESSION sql_mode = "";
SET SESSION sql_mode = "";
SET SESSION sql_mode = "";
SET SESSION sql_mode = "";
SET SESSION sql_mode = "";
SET SESSION sql_mode = "";
SET SESSION sql_mode = "";
SET SESSION sql_mode = "";
SET SESSION sql_mode = "";
SET SESSION sql_mode = "";
SET SESSION sql_mode = "";
SET SESSION sql_mode = "";
SET SESSION sql_mode = "";
SET SESSION sql_mode = "";
SET SESSION sql_mode = "";
SET SESSION sql_mode = "";
SET SESSION sql_mode = "";
SET SESSION sql_mode = "";
SET SESSION sql_mode = "";
SET SESSION sql_mode = "";
SET SESSION sql_mode = "";
SET SESSION sql_mode = "";
SET SESSION sql_mode = "";
SET SESSION sql_mode = "";
SET SESSION sql_mode = "";
SET SESSION sql_mode = "";
SET SESSION sql_mode = "";
SET SESSION sql_mode = "";
SET SESSION sql_mode = "";
SET SESSION sql_mode = "";
SET SESSION sql_mode = "";
SET SESSION sql_mode = "";
SET SESSION sql_mode = "";
SET SESSION sql_mode = "";
SET SESSION sql_mode = "";
SET SESSION sql_mode = "";
SET SESSION sql_mode = "";
SET SESSION sql_mode = "";
SET SESSION sql_mode = "";
SET SESSION sql_mode = "";
SET SESSION sql_mode = "";
SET SESSION sql_mode = "";
SET SESSION sql_mode = "";
SET SESSION sql_mode = "";
SET SESSION sql_mode = "";
SET SESSION sql_mode = "";
SET SESSION sql_mode = "";
SET SESSION sql_mode = "";
SET SESSION sql_mode = "";
SET SESSION sql_mode = "";
SET SESSION sql_mode = "";
SET SESSION sql_mode = "";
SET SESSION sql_mode = "";
SET SESSION sql_mode = "";
SET SESSION sql_mode = "";
SET SESSION sql_mode = "";
SET SESSION sql_mode = "";
SET SESSION sql_mode = "";
SET SESSION sql_mode = "";
SET SESSION sql_mode = "";
SET SESSION sql_mode = "";
SET SESSION sql_mode = "";
SET SESSION sql_mode = "";
SET SESSION sql_mode = "";
SET SESSION sql_mode = "";
SET SESSION sql_mode = "";
SET SESSION sql_mode = "";
SET SESSION sql_mode = "";
SET SESSION sql_mode = "";
SET SESSION sql_mode = "";
SET SESSION sql_mode = "";
SET SESSION sql_mode = "";
SET SESSION sql_mode = "";
SET SESSION sql_mode = "";
SET SESSION sql_mode = "";
SET SESSION sql_mode = "";
SET SESSION sql_mode = "";
SET SESSION sql_mode = "";
SET SESSION sql_mode = "";
SET SESSION sql_mode = "";
SET SESSION sql_mode = "";
SET SESSION sql_mode = "";
SET SESSION sql_mode = "";
SET SESSION sql_mode = "";
SET SESSION sql_mode = "";
SET SESSION sql_mode = "";
SET SESSION sql_mode = "";
SET SESSION sql_mode = "";
SET SESSION sql_mode = "";
SET SESSION sql_mode = "";
SET SESSION sql_mode = "";
SET SESSION sql_mode = "";
SET SESSION sql_mode = "";
SET SESSION sql_mode = "";
SET SESSION sql_mode = "";
SET SESSION sql_mode = "";
SET SESSION sql_mode = "";
SET SESSION sql_mode = "";
SET SESSION sql_mode = "";
SET SESSION sql_mode = "";
SET SESSION sql_mode = "";
SET SESSION sql_mode = "";
SET SESSION sql_mode = "";
SET SESSION sql_mode = "";
SET SESSION sql_mode = "";
SET SESSION sql_mode = "";
SET SESSION sql_mode = "";
SET SESSION sql_mode = "";
SET SESSION sql_mode = "";
SET SESSION sql_mode = "";
SET SESSION sql_mode = "";
SET SESSION sql_mode = "";
SET SESSION sql_mode = "";
SET SESSION sql_mode = "";
SET SESSION sql_mode = "";
SET SESSION sql_mode = "";
SET SESSION sql_mode = "";
SET SESSION sql_mode = "";
SET SESSION sql_mode = "";
SET SESSION sql_mode = "";
SET SESSION sql_mode = "";
SET SESSION sql_mode = "";
SET SESSION sql_mode = "";
                                                                                    SET SESSION sql_mode = "";
SET SESSION sql_mode = "";
SET SESSION sql_mode = "";
SET SESSION sql_mode = "";
SET SESSION sql_mode = "";
SET SESSION sql_mode = "";
                                                                                    SET SESSION sql_mode = "";
SET SESSION sql_mode = "";
SET SESSION sql_mode = "";
SET SESSION sql_mode = "";
SET SESSION sql_mode = "";
SET SESSION sql_mode = "";
SET SESSION sql_mode = "";
SET SESSION sql_mode = "";
SET SESSION sql_mode = "";
SET SESSION sql_mode = "";
SET SESSION sql_mode = "";
SET SESSION sql_mode = "";
SET SESSION sql_mode = "";
SET SESSION sql_mode = "";
SET SESSION sql_mode = "";
SET SESSION sql_mode = "";
SET SESSION sql_mode = "";
SET SESSION sql_mode = "";
SET SESSION sql_mode = "";
SET SESSION sql_mode = "";
SET SESSION sql_mode = "";
SET SESSION sql_mode = "";
SET SESSION sql_mode = "";
SET SESSION sql_mode = "";
SET SESSION sql_mode = "";
SET SESSION sql_mode = "";
SET SESSION sql_mode = "";
SET SESSION sql_mode = "";
SET SESSION sql_mode = "";
SET SESSION sql_mode = "";
                                                                                                                                                                                                                                SET SESSION sql_mode = "";
SET SESSION sql_mode = "";
SET SESSION sql_mode = "";
SET SESSION sql_mode = "";
SET SESSION sql_mode = "";
                                                                                                                                                                        SET SESSION sql_mode = "";
SET SESSION sql_mode = "";
SET SESSION sql_mode = "";
SET SESSION sql_mode = "";
SET SESSION sql_mode = "";
SET SESSION sql_mode = "";
SET SESSION sql_mode = "";
SET SESSION sql_mode = "";
SET SESSION sql_mode = "";
SET SESSION sql_mode = "";
SET SESSION sql_mode = "";
SET SESSION sql_mode = "";
SET SESSION sql_mode = "";
SET SESSION sql_mode = "";
SET SESSION sql_mode = "";
SET SESSION sql_mode = "";
SET SESSION sql_mode = "";
SET SESSION sql_mode = "";
SET SESSION sql_mode = "";
SET SESSION sql_mode = "";
SET SESSION sql_mode = "";
SET SESSION sql_mode = "";
SET SESSION sql_mode = "";
SET SESSION sql_mode = "";
SET SESSION sql_mode = "";
SET SESSION sql_mode = "";
SET SESSION sql_mode = "";
SET SESSION sql_mode = "";
SET SESSION sql_mode = "";
SET SESSION sql_mode = "";
SET SESSION sql_mode = "";
SET SESSION sql_mode = "";
SET SESSION sql_mode = "";
SET SESSION sql_mode = "";
SET SESSION sql_mode = "";
SET SESSION sql_mode = "";
SET SESSION sql_mode = "";
SET SESSION sql_mode = "";
SET SESSION sql_mode = "";
SET SESSION sql_mode = "";
SET SESSION sql_mode = "";
SET SESSION sql_mode = "";
SET SESSION sql_mode = "";
SET SESSION sql_mode = "";
SET SESSION sql_mode = "";
SET SESSION sql_mode = "";
SET SESSION sql_mode = "";
SET SESSION sql_mode = "";
SET SESSION sql_mode = "";
SET SESSION sql_mode = "";
SET SESSION sql_mode = "";
SET SESSION sql_mode = "";
SET SESSION sql_mode = "";
SET SESSION sql_mode = "";
SET SESSION sql_mode = "";
SET SESSION sql_mode = "";
SET SESSION sql_mode = "";
SET SESSION sql_mode = "";
SET SESSION sql_mode = "";
SET SESSION sql_mode = "";
SET SESSION sql_mode = "";
SET SESSION sql_mode = "";
SET SESSION sql_mode = "";
SET SESSION sql_mode = "";
SET SESSION sql_mode = "";
SET SESSION sql_mode = "";
SET SESSION sql_mode = "";
SET SESSION sql_mode = "";
SET SESSION sql_mode = "";
SET SESSION sql_mode = "";
SET SESSION sql_mode = "";
SET SESSION sql_mode = "";
SET SESSION sql_mode = "";
SET SESSION sql_mode = "";
SET SESSION sql_mode = "";
SET SESSION sql_mode = "";
SET SESSION sql_mode = "";
SET SESSION sql_mode = "";
SET SESSION sql_mode = "";
SET SESSION sql_mode = "";
SET SESSION sql_mode = "";
SET SESSION sql_mode = "";
SET SESSION sql_mode = "";
SET SESSION sql_mode = "";
SET SESSION sql_mode = "";
SET SESSION sql_mode = "";
SET SESSION sql_mode = "";
SET SESSION sql_mode = "";
SET SESSION sql_mode = "";
SET SESSION sql_mode = "";
SET SESSION sql_mode = "";
SET SESSION sql_mode = "";
SET SESSION sql_mode = "";
SET SESSION sql_mode = "";
SET SESSION sql_mode = "";
SET SESSION sql_mode = "";
SET SESSION sql_mode = "";
SET SESSION sql_mode = "";
SET SESSION sql_mode = "";
SET SESSION sql_mode = "";
SET SESSION sql_mode = "";
SET SESSION sql_mode = "";
INSERT INTO `customer_group` (`group_name`) VALUES ('Group 1');
SET SESSION sql_mode = "";
SET SESSION sql_mode = "";
SET SESSION sql_mode = "";
SET SESSION sql_mode = "";
SET SESSION sql_mode = "";
SET SESSION sql_mode = "";
SET SESSION sql_mode = "";
SET SESSION sql_mode = "";
SET SESSION sql_mode = "";
SET SESSION sql_mode = "";
SET SESSION sql_mode = "";
SET SESSION sql_mode = "";
SET SESSION sql_mode = "";
SET SESSION sql_mode = "";
SET SESSION sql_mode = "";
SET SESSION sql_mode = "";
SET SESSION sql_mode = "";
SET SESSION sql_mode = "";
SET SESSION sql_mode = "";
SET SESSION sql_mode = "";
SET SESSION sql_mode = "";
SET SESSION sql_mode = "";
SET SESSION sql_mode = "";
SET SESSION sql_mode = "";
SET SESSION sql_mode = "";
SET SESSION sql_mode = "";
SET SESSION sql_mode = "";
SET SESSION sql_mode = "";
UPDATE `customer_group` SET `group_name` = 'Group Coba'
WHERE `id_group` = '2';
SET SESSION sql_mode = "";
SET SESSION sql_mode = "";
SET SESSION sql_mode = "";
SET SESSION sql_mode = "";
SET SESSION sql_mode = "";
SET SESSION sql_mode = "";
SET SESSION sql_mode = "";
SET SESSION sql_mode = "";
SET SESSION sql_mode = "";
SET SESSION sql_mode = "";
SET SESSION sql_mode = "";
DELETE FROM `customer_group`
WHERE `id_group` = '2';
SET SESSION sql_mode = "";
SET SESSION sql_mode = "";
SET SESSION sql_mode = "";
SET SESSION sql_mode = "";
SET SESSION sql_mode = "";
SET SESSION sql_mode = "";
SET SESSION sql_mode = "";
SET SESSION sql_mode = "";
SET SESSION sql_mode = "";
SET SESSION sql_mode = "";
SET SESSION sql_mode = "";
SET SESSION sql_mode = "";
SET SESSION sql_mode = "";
SET SESSION sql_mode = "";
SET SESSION sql_mode = "";
SET SESSION sql_mode = "";
SET SESSION sql_mode = "";
SET SESSION sql_mode = "";
SET SESSION sql_mode = "";
SET SESSION sql_mode = "";
SET SESSION sql_mode = "";
SET SESSION sql_mode = "";
SET SESSION sql_mode = "";
SET SESSION sql_mode = "";
SET SESSION sql_mode = "";
SET SESSION sql_mode = "";
SET SESSION sql_mode = "";
SET SESSION sql_mode = "";
SET SESSION sql_mode = "";
SET SESSION sql_mode = "";
SET SESSION sql_mode = "";
SET SESSION sql_mode = "";
SET SESSION sql_mode = "";
SET SESSION sql_mode = "";
SET SESSION sql_mode = "";
SET SESSION sql_mode = "";
SET SESSION sql_mode = "";
SET SESSION sql_mode = "";
SET SESSION sql_mode = "";
SET SESSION sql_mode = "";
SET SESSION sql_mode = "";
SET SESSION sql_mode = "";
INSERT INTO `customer_information` (`customer_id`, `customer_name`, `customer_mobile`, `customer_email`, `email_address`, `contact`, `phone`, `fax`, `city`, `state`, `zip`, `country`, `customer_address`, `address2`, `status`, `create_by`) VALUES ('', 'sang aji', '082264117438', 'aji@canisnfelis.com', 'aji@canisnfelis.com', '123456787', '082264117438', '', NULL, NULL, '16770', 'Indonesia', 'probolinggo', '', 1, '1');
INSERT INTO `acc_coa` (`HeadCode`, `HeadName`, `PHeadName`, `HeadLevel`, `IsActive`, `IsTransaction`, `IsGL`, `HeadType`, `IsBudget`, `IsDepreciation`, `DepreciationRate`, `customer_id`, `CreateBy`, `CreateDate`) VALUES (113100000002, '2-sang aji', 'Customers', '4', '1', '1', '0', 'A', '0', '0', '0', 2, '1', '2023-02-08 15:40:16');
SET SESSION sql_mode = "";
SET SESSION sql_mode = "";
SET SESSION sql_mode = "";
SET SESSION sql_mode = "";
SET SESSION sql_mode = "";
SET SESSION sql_mode = "";
SET SESSION sql_mode = "";
SET SESSION sql_mode = "";
SET SESSION sql_mode = "";
SET SESSION sql_mode = "";
SET SESSION sql_mode = "";
UPDATE `customer_information` SET `customer_id` = '1', `group_id` = NULL, `customer_name` = 'Walk-in Customer', `customer_mobile` = '', `customer_email` = '', `email_address` = '', `contact` = '', `phone` = '', `fax` = '', `city` = NULL, `state` = NULL, `zip` = '', `country` = '', `customer_address` = '', `address2` = '', `status` = 1, `create_by` = '1'
WHERE `customer_id` = '1';
UPDATE `acc_coa` SET `HeadName` = '1-Walk-in Customer'
WHERE `HeadName` = '1-Walk-in Customer';
SET SESSION sql_mode = "";
SET SESSION sql_mode = "";
SET SESSION sql_mode = "";
UPDATE `customer_information` SET `customer_id` = '1', `group_id` = NULL, `customer_name` = 'Walk-in Customer', `customer_mobile` = '', `customer_email` = '', `email_address` = '', `contact` = '', `phone` = '', `fax` = '', `city` = NULL, `state` = NULL, `zip` = '', `country` = '', `customer_address` = '', `address2` = '', `status` = 1, `create_by` = '1'
WHERE `customer_id` = '1';
UPDATE `acc_coa` SET `HeadName` = '1-Walk-in Customer'
WHERE `HeadName` = '1-Walk-in Customer';
SET SESSION sql_mode = "";
SET SESSION sql_mode = "";
SET SESSION sql_mode = "";
SET SESSION sql_mode = "";
UPDATE `customer_information` SET `customer_id` = '1', `group_id` = '1', `customer_name` = 'Walk-in Customer', `customer_mobile` = '', `customer_email` = '', `email_address` = '', `contact` = '', `phone` = '', `fax` = '', `city` = NULL, `state` = NULL, `zip` = '', `country` = '', `customer_address` = '', `address2` = '', `status` = 1, `create_by` = '1'
WHERE `customer_id` = '1';
UPDATE `acc_coa` SET `HeadName` = '1-Walk-in Customer'
WHERE `HeadName` = '1-Walk-in Customer';
SET SESSION sql_mode = "";
SET SESSION sql_mode = "";
SET SESSION sql_mode = "";
SET SESSION sql_mode = "";
SET SESSION sql_mode = "";
SET SESSION sql_mode = "";
SET SESSION sql_mode = "";
SET SESSION sql_mode = "";
SET SESSION sql_mode = "";
SET SESSION sql_mode = "";
SET SESSION sql_mode = "";
SET SESSION sql_mode = "";
SET SESSION sql_mode = "";
SET SESSION sql_mode = "";
SET SESSION sql_mode = "";
SET SESSION sql_mode = "";
SET SESSION sql_mode = "";
SET SESSION sql_mode = "";
SET SESSION sql_mode = "";
SET SESSION sql_mode = "";
SET SESSION sql_mode = "";
SET SESSION sql_mode = "";
SET SESSION sql_mode = "";
SET SESSION sql_mode = "";
SET SESSION sql_mode = "";
SET SESSION sql_mode = "";
SET SESSION sql_mode = "";
SET SESSION sql_mode = "";
SET SESSION sql_mode = "";
SET SESSION sql_mode = "";
SET SESSION sql_mode = "";
SET SESSION sql_mode = "";
SET SESSION sql_mode = "";
SET SESSION sql_mode = "";
SET SESSION sql_mode = "";
SET SESSION sql_mode = "";
SET SESSION sql_mode = "";
SET SESSION sql_mode = "";
SET SESSION sql_mode = "";
SET SESSION sql_mode = "";
SET SESSION sql_mode = "";
SET SESSION sql_mode = "";
SET SESSION sql_mode = "";
SET SESSION sql_mode = "";
SET SESSION sql_mode = "";
SET SESSION sql_mode = "";
SET SESSION sql_mode = "";
SET SESSION sql_mode = "";
SET SESSION sql_mode = "";
SET SESSION sql_mode = "";
SET SESSION sql_mode = "";
SET SESSION sql_mode = "";
SET SESSION sql_mode = "";
SET SESSION sql_mode = "";
SET SESSION sql_mode = "";
SET SESSION sql_mode = "";
SET SESSION sql_mode = "";
SET SESSION sql_mode = "";
SET SESSION sql_mode = "";
SET SESSION sql_mode = "";
SET SESSION sql_mode = "";
SET SESSION sql_mode = "";
SET SESSION sql_mode = "";
SET SESSION sql_mode = "";
SET SESSION sql_mode = "";
SET SESSION sql_mode = "";
SET SESSION sql_mode = "";
SET SESSION sql_mode = "";
SET SESSION sql_mode = "";
SET SESSION sql_mode = "";
SET SESSION sql_mode = "";
SET SESSION sql_mode = "";
SET SESSION sql_mode = "";
SET SESSION sql_mode = "";
SET SESSION sql_mode = "";
INSERT INTO `customer_information` (`customer_id`, `group_id`, `customer_name`, `customer_mobile`, `customer_email`, `email_address`, `contact`, `phone`, `fax`, `city`, `state`, `zip`, `country`, `customer_address`, `address2`, `status`, `create_by`) VALUES ('', '1', 'putra', '082264117438', 'sangajiputra04@gmail.com', 'sangajiputra04@gmail.com', '', '08234547587909', '', NULL, NULL, '25361', 'Indonesia', 'jl. mayjend haryono', '', 1, '1');
INSERT INTO `acc_coa` (`HeadCode`, `HeadName`, `PHeadName`, `HeadLevel`, `IsActive`, `IsTransaction`, `IsGL`, `HeadType`, `IsBudget`, `IsDepreciation`, `DepreciationRate`, `customer_id`, `CreateBy`, `CreateDate`) VALUES (113100000003, '3-putra', 'Customers', '4', '1', '1', '0', 'A', '0', '0', '0', 3, '1', '2023-02-08 23:26:21');
SET SESSION sql_mode = "";
SET SESSION sql_mode = "";
SET SESSION sql_mode = "";
SET SESSION sql_mode = "";
SET SESSION sql_mode = "";
SET SESSION sql_mode = "";
SET SESSION sql_mode = "";
SET SESSION sql_mode = "";
SET SESSION sql_mode = "";
SET SESSION sql_mode = "";
SET SESSION sql_mode = "";
SET SESSION sql_mode = "";
SET SESSION sql_mode = "";
SET SESSION sql_mode = "";
SET SESSION sql_mode = "";
SET SESSION sql_mode = "";
SET SESSION sql_mode = "";
SET SESSION sql_mode = "";
SET SESSION sql_mode = "";
SET SESSION sql_mode = "";
SET SESSION sql_mode = "";
SET SESSION sql_mode = "";
SET SESSION sql_mode = "";
SET SESSION sql_mode = "";
SET SESSION sql_mode = "";
SET SESSION sql_mode = "";
SET SESSION sql_mode = "";
SET SESSION sql_mode = "";
SET SESSION sql_mode = "";
SET SESSION sql_mode = "";
SET SESSION sql_mode = "";
SET SESSION sql_mode = "";
SET SESSION sql_mode = "";
SET SESSION sql_mode = "";
SET SESSION sql_mode = "";
SET SESSION sql_mode = "";
SET SESSION sql_mode = "";
SET SESSION sql_mode = "";
SET SESSION sql_mode = "";
SET SESSION sql_mode = "";
SET SESSION sql_mode = "";
SET SESSION sql_mode = "";
SET SESSION sql_mode = "";
SET SESSION sql_mode = "";
SET SESSION sql_mode = "";
SET SESSION sql_mode = "";
SET SESSION sql_mode = "";
SET SESSION sql_mode = "";
SET SESSION sql_mode = "";
SET SESSION sql_mode = "";
SET SESSION sql_mode = "";
SET SESSION sql_mode = "";
SET SESSION sql_mode = "";
SET SESSION sql_mode = "";
SET SESSION sql_mode = "";
SET SESSION sql_mode = "";
SET SESSION sql_mode = "";
SET SESSION sql_mode = "";
SET SESSION sql_mode = "";
SET SESSION sql_mode = "";
SET SESSION sql_mode = "";
SET SESSION sql_mode = "";
SET SESSION sql_mode = "";
SET SESSION sql_mode = "";
SET SESSION sql_mode = "";
SET SESSION sql_mode = "";
SET SESSION sql_mode = "";
SET SESSION sql_mode = "";
SET SESSION sql_mode = "";
SET SESSION sql_mode = "";
SET SESSION sql_mode = "";
SET SESSION sql_mode = "";
SET SESSION sql_mode = "";
SET SESSION sql_mode = "";
SET SESSION sql_mode = "";
SET SESSION sql_mode = "";
SET SESSION sql_mode = "";
SET SESSION sql_mode = "";
SET SESSION sql_mode = "";
SET SESSION sql_mode = "";
SET SESSION sql_mode = "";
SET SESSION sql_mode = "";
SET SESSION sql_mode = "";
SET SESSION sql_mode = "";
SET SESSION sql_mode = "";
SET SESSION sql_mode = "";
SET SESSION sql_mode = "";
SET SESSION sql_mode = "";
SET SESSION sql_mode = "";
SET SESSION sql_mode = "";
SET SESSION sql_mode = "";
SET SESSION sql_mode = "";
SET SESSION sql_mode = "";
SET SESSION sql_mode = "";
SET SESSION sql_mode = "";
SET SESSION sql_mode = "";
SET SESSION sql_mode = "";
SET SESSION sql_mode = "";
SET SESSION sql_mode = "";
SET SESSION sql_mode = "";
SET SESSION sql_mode = "";
SET SESSION sql_mode = "";
SET SESSION sql_mode = "";
SET SESSION sql_mode = "";
SET SESSION sql_mode = "";
SET SESSION sql_mode = "";
SET SESSION sql_mode = "";
SET SESSION sql_mode = "";
SET SESSION sql_mode = "";
SET SESSION sql_mode = "";
SET SESSION sql_mode = "";
SET SESSION sql_mode = "";
SET SESSION sql_mode = "";
SET SESSION sql_mode = "";
SET SESSION sql_mode = "";
SET SESSION sql_mode = "";
SET SESSION sql_mode = "";
SET SESSION sql_mode = "";
SET SESSION sql_mode = "";
SET SESSION sql_mode = "";
SET SESSION sql_mode = "";
SET SESSION sql_mode = "";
SET SESSION sql_mode = "";
SET SESSION sql_mode = "";
SET SESSION sql_mode = "";
SET SESSION sql_mode = "";
SET SESSION sql_mode = "";
SET SESSION sql_mode = "";
SET SESSION sql_mode = "";
SET SESSION sql_mode = "";
SET SESSION sql_mode = "";
SET SESSION sql_mode = "";
SET SESSION sql_mode = "";
SET SESSION sql_mode = "";
SET SESSION sql_mode = "";
SET SESSION sql_mode = "";
SET SESSION sql_mode = "";
SET SESSION sql_mode = "";
SET SESSION sql_mode = "";
SET SESSION sql_mode = "";
SET SESSION sql_mode = "";
SET SESSION sql_mode = "";
SET SESSION sql_mode = "";
SET SESSION sql_mode = "";
SET SESSION sql_mode = "";
SET SESSION sql_mode = "";
SET SESSION sql_mode = "";
SET SESSION sql_mode = "";
SET SESSION sql_mode = "";
SET SESSION sql_mode = "";
SET SESSION sql_mode = "";
SET SESSION sql_mode = "";
SET SESSION sql_mode = "";
SET SESSION sql_mode = "";
SET SESSION sql_mode = "";
SET SESSION sql_mode = "";
SET SESSION sql_mode = "";
SET SESSION sql_mode = "";
SET SESSION sql_mode = "";
SET SESSION sql_mode = "";
SET SESSION sql_mode = "";
SET SESSION sql_mode = "";
SET SESSION sql_mode = "";
SET SESSION sql_mode = "";
SET SESSION sql_mode = "";
SET SESSION sql_mode = "";
SET SESSION sql_mode = "";
SET SESSION sql_mode = "";
SET SESSION sql_mode = "";
SET SESSION sql_mode = "";
SET SESSION sql_mode = "";
SET SESSION sql_mode = "";
SET SESSION sql_mode = "";
SET SESSION sql_mode = "";
SET SESSION sql_mode = "";
SET SESSION sql_mode = "";
SET SESSION sql_mode = "";
SET SESSION sql_mode = "";
SET SESSION sql_mode = "";
SET SESSION sql_mode = "";
SET SESSION sql_mode = "";
SET SESSION sql_mode = "";
SET SESSION sql_mode = "";
SET SESSION sql_mode = "";
SET SESSION sql_mode = "";
SET SESSION sql_mode = "";
SET SESSION sql_mode = "";
SET SESSION sql_mode = "";
SET SESSION sql_mode = "";
SET SESSION sql_mode = "";
SET SESSION sql_mode = "";
SET SESSION sql_mode = "";
SET SESSION sql_mode = "";
SET SESSION sql_mode = "";
SET SESSION sql_mode = "";
SET SESSION sql_mode = "";
SET SESSION sql_mode = "";
SET SESSION sql_mode = "";
SET SESSION sql_mode = "";
SET SESSION sql_mode = "";
SET SESSION sql_mode = "";
SET SESSION sql_mode = "";
SET SESSION sql_mode = "";
SET SESSION sql_mode = "";
SET SESSION sql_mode = "";
SET SESSION sql_mode = "";
SET SESSION sql_mode = "";
SET SESSION sql_mode = "";
SET SESSION sql_mode = "";
SET SESSION sql_mode = "";
SET SESSION sql_mode = "";
SET SESSION sql_mode = "";
SET SESSION sql_mode = "";
SET SESSION sql_mode = "";
SET SESSION sql_mode = "";
                                                                                                                                                                                                                                                                                                                                                                                                                                                                                                                                                    SET SESSION sql_mode = "";
SET SESSION sql_mode = "";
SET SESSION sql_mode = "";
SET SESSION sql_mode = "";
SET SESSION sql_mode = "";
SET SESSION sql_mode = "";
SET SESSION sql_mode = "";
SET SESSION sql_mode = "";
SET SESSION sql_mode = "";
SET SESSION sql_mode = "";
SET SESSION sql_mode = "";
SET SESSION sql_mode = "";
SET SESSION sql_mode = "";
SET SESSION sql_mode = "";
SET SESSION sql_mode = "";
SET SESSION sql_mode = "";
SET SESSION sql_mode = "";
SET SESSION sql_mode = "";
SET SESSION sql_mode = "";
SET SESSION sql_mode = "";
SET SESSION sql_mode = "";
SET SESSION sql_mode = "";
SET SESSION sql_mode = "";
SET SESSION sql_mode = "";
SET SESSION sql_mode = "";
SET SESSION sql_mode = "";
SET SESSION sql_mode = "";
SET SESSION sql_mode = "";
SET SESSION sql_mode = "";
SET SESSION sql_mode = "";
SET SESSION sql_mode = "";
SET SESSION sql_mode = "";
SET SESSION sql_mode = "";
SET SESSION sql_mode = "";
SET SESSION sql_mode = "";
SET SESSION sql_mode = "";
SET SESSION sql_mode = "";
SET SESSION sql_mode = "";
SET SESSION sql_mode = "";
SET SESSION sql_mode = "";
SET SESSION sql_mode = "";
SET SESSION sql_mode = "";
SET SESSION sql_mode = "";
SET SESSION sql_mode = "";
SET SESSION sql_mode = "";
SET SESSION sql_mode = "";
SET SESSION sql_mode = "";
SET SESSION sql_mode = "";
SET SESSION sql_mode = "";
SET SESSION sql_mode = "";
SET SESSION sql_mode = "";
SET SESSION sql_mode = "";
SET SESSION sql_mode = "";
SET SESSION sql_mode = "";
SET SESSION sql_mode = "";
SET SESSION sql_mode = "";
SET SESSION sql_mode = "";
SET SESSION sql_mode = "";
SET SESSION sql_mode = "";
SET SESSION sql_mode = "";
SET SESSION sql_mode = "";
SET SESSION sql_mode = "";
SET SESSION sql_mode = "";
SET SESSION sql_mode = "";
SET SESSION sql_mode = "";
SET SESSION sql_mode = "";
SET SESSION sql_mode = "";
SET SESSION sql_mode = "";
SET SESSION sql_mode = "";
SET SESSION sql_mode = "";
SET SESSION sql_mode = "";
SET SESSION sql_mode = "";
SET SESSION sql_mode = "";
SET SESSION sql_mode = "";
SET SESSION sql_mode = "";
SET SESSION sql_mode = "";
SET SESSION sql_mode = "";
SET SESSION sql_mode = "";
SET SESSION sql_mode = "";
SET SESSION sql_mode = "";
SET SESSION sql_mode = "";
SET SESSION sql_mode = "";
SET SESSION sql_mode = "";
SET SESSION sql_mode = "";
SET SESSION sql_mode = "";
SET SESSION sql_mode = "";
SET SESSION sql_mode = "";
SET SESSION sql_mode = "";
SET SESSION sql_mode = "";
SET SESSION sql_mode = "";
SET SESSION sql_mode = "";
SET SESSION sql_mode = "";
SET SESSION sql_mode = "";
SET SESSION sql_mode = "";
SET SESSION sql_mode = "";
SET SESSION sql_mode = "";
SET SESSION sql_mode = "";
SET SESSION sql_mode = "";
SET SESSION sql_mode = "";
SET SESSION sql_mode = "";
SET SESSION sql_mode = "";
SET SESSION sql_mode = "";
SET SESSION sql_mode = "";
SET SESSION sql_mode = "";
SET SESSION sql_mode = "";
SET SESSION sql_mode = "";
SET SESSION sql_mode = "";
SET SESSION sql_mode = "";
SET SESSION sql_mode = "";
SET SESSION sql_mode = "";
SET SESSION sql_mode = "";
SET SESSION sql_mode = "";
SET SESSION sql_mode = "";
SET SESSION sql_mode = "";
SET SESSION sql_mode = "";
SET SESSION sql_mode = "";
SET SESSION sql_mode = "";
SET SESSION sql_mode = "";
SET SESSION sql_mode = "";
SET SESSION sql_mode = "";
SET SESSION sql_mode = "";
SET SESSION sql_mode = "";
SET SESSION sql_mode = "";
SET SESSION sql_mode = "";
SET SESSION sql_mode = "";
SET SESSION sql_mode = "";
SET SESSION sql_mode = "";
SET SESSION sql_mode = "";
SET SESSION sql_mode = "";
SET SESSION sql_mode = "";
SET SESSION sql_mode = "";
SET SESSION sql_mode = "";
SET SESSION sql_mode = "";
SET SESSION sql_mode = "";
SET SESSION sql_mode = "";
SET SESSION sql_mode = "";
SET SESSION sql_mode = "";
SET SESSION sql_mode = "";
SET SESSION sql_mode = "";
SET SESSION sql_mode = "";
SET SESSION sql_mode = "";
SET SESSION sql_mode = "";
SET SESSION sql_mode = "";
SET SESSION sql_mode = "";
SET SESSION sql_mode = "";
SET SESSION sql_mode = "";
SET SESSION sql_mode = "";
SET SESSION sql_mode = "";
SET SESSION sql_mode = "";
SET SESSION sql_mode = "";
SET SESSION sql_mode = "";
SET SESSION sql_mode = "";
SET SESSION sql_mode = "";
SET SESSION sql_mode = "";
SET SESSION sql_mode = "";
SET SESSION sql_mode = "";
SET SESSION sql_mode = "";
SET SESSION sql_mode = "";
SET SESSION sql_mode = "";
SET SESSION sql_mode = "";
SET SESSION sql_mode = "";
SET SESSION sql_mode = "";
SET SESSION sql_mode = "";
SET SESSION sql_mode = "";
SET SESSION sql_mode = "";
SET SESSION sql_mode = "";
SET SESSION sql_mode = "";
SET SESSION sql_mode = "";
SET SESSION sql_mode = "";
SET SESSION sql_mode = "";
SET SESSION sql_mode = "";
SET SESSION sql_mode = "";
SET SESSION sql_mode = "";
SET SESSION sql_mode = "";
SET SESSION sql_mode = "";
SET SESSION sql_mode = "";
SET SESSION sql_mode = "";
SET SESSION sql_mode = "";
SET SESSION sql_mode = "";
SET SESSION sql_mode = "";
SET SESSION sql_mode = "";
SET SESSION sql_mode = "";
SET SESSION sql_mode = "";
SET SESSION sql_mode = "";
SET SESSION sql_mode = "";
SET SESSION sql_mode = "";
SET SESSION sql_mode = "";
SET SESSION sql_mode = "";
SET SESSION sql_mode = "";
SET SESSION sql_mode = "";
SET SESSION sql_mode = "";
SET SESSION sql_mode = "";
SET SESSION sql_mode = "";
SET SESSION sql_mode = "";
SET SESSION sql_mode = "";
SET SESSION sql_mode = "";
SET SESSION sql_mode = "";
SET SESSION sql_mode = "";
SET SESSION sql_mode = "";
SET SESSION sql_mode = "";
SET SESSION sql_mode = "";
SET SESSION sql_mode = "";
SET SESSION sql_mode = "";
SET SESSION sql_mode = "";
SET SESSION sql_mode = "";
SET SESSION sql_mode = "";
SET SESSION sql_mode = "";
SET SESSION sql_mode = "";
SET SESSION sql_mode = "";
SET SESSION sql_mode = "";
SET SESSION sql_mode = "";
SET SESSION sql_mode = "";
SET SESSION sql_mode = "";
SET SESSION sql_mode = "";
SET SESSION sql_mode = "";
SET SESSION sql_mode = "";
SET SESSION sql_mode = "";
SET SESSION sql_mode = "";
SET SESSION sql_mode = "";
SET SESSION sql_mode = "";
SET SESSION sql_mode = "";
SET SESSION sql_mode = "";
SET SESSION sql_mode = "";
SET SESSION sql_mode = "";
SET SESSION sql_mode = "";
